keyword,language,topic,topicColor,keywordColor,limitPages,ratioNew
'SC Freiburg',de,Bundesliga,#EB0000,#888888,3,0.1956205877994224
'Die PARTEI',de,Deutschland,#1818e8,#888888,3,0.033384350701606
'Die PARTEI',de,Freiburg,#181818,#888888,3,0.0333763546601576
'Martin Horn',de,Freiburg,#18e818,#888888,2,0.0212507270101423
'Martin Sonneborn',de,Deutschland,#e81818,#888888,1,0.0187999241511164
'Xavier Bettel',de,Luxemburg,#6618e9,#888888,1,0.0174851423017863
'Weinlese',de,Luxemburg,#219100,#888888,1,0.0110482170267207
'WorldCup',de,Qatar,#4D0E00,#888888,1,0.0009560370717164
'Gaston Vogel',de,Luxemburg,#f16188,#888888,1,8.070610296383859e-11
