keyword,language,topic,topicColor,keywordColor,limitPages,ratioNew
'SC Freiburg',de,Bundesliga,#EB0000,#888888,3,0.08387281028551063
'Die PARTEI',de,Freiburg,#181818,#888888,3,0.0335449240058287
'Die PARTEI',de,Deutschland,#1818e8,#888888,3,0.0335369695239998
'Weinlese',de,Luxemburg,#219100,#888888,2,0.0273428763835725
'Martin Sonneborn',de,Deutschland,#e81818,#888888,1,0.0108269840489667
'Martin Horn',de,Freiburg,#18e818,#888888,1,0.0092143658854235
'WorldCup',de,Qatar,#4D0E00,#888888,1,0.0019490730770015
'Xavier Bettel',de,Luxemburg,#6618e9,#888888,1,0.0012249340655873
'Gaston Vogel',de,Luxemburg,#f16188,#888888,1,1.2504345007438091e-14
