keyword,language,topic,topicColor,keywordColor,limitPages,ratioNew
'SC Freiburg',de,Bundesliga,#EB0000,#888888,3,0.0893358498356418
'Die PARTEI',de,Freiburg,#181818,#888888,3,0.0335600695552349
'Die PARTEI',de,Deutschland,#1818e8,#888888,3,0.0335400190953998
'Weinlese',de,Luxemburg,#219100,#888888,2,0.0273428763835725
'Martin Horn',de,Freiburg,#18e818,#888888,1,0.009305144102218414
'Martin Sonneborn',de,Deutschland,#e81818,#888888,1,0.0088050942253783
'WorldCup',de,Qatar,#4D0E00,#888888,1,0.0010174283279013
'Xavier Bettel',de,Luxemburg,#6618e9,#888888,1,0.0008850148623868
'Gaston Vogel',de,Luxemburg,#f16188,#888888,1,1.0628693256322378e-14
