keyword,language,topic,topicColor,keywordColor,limitPages,ratioNew
'SC Freiburg',de,Bundesliga,#EB0000,#888888,3,0.1385888960762215
'Die PARTEI',de,Freiburg,#181818,#888888,3,0.03343044863220572
'Die PARTEI',de,Deutschland,#1818e8,#888888,3,0.0333958664928631
'Martin Horn',de,Freiburg,#18e818,#888888,2,0.0200666007365636
'Xavier Bettel',de,Luxemburg,#6618e9,#888888,1,0.0129883653140766
'Weinlese',de,Luxemburg,#219100,#888888,1,0.0068305416244642
'Martin Sonneborn',de,Deutschland,#e81818,#888888,1,0.0027720552523541
'WorldCup',de,Qatar,#4D0E00,#888888,1,0.0009903074373774
'Gaston Vogel',de,Luxemburg,#f16188,#888888,1,5.006539620141645e-15
