keyword,language,topic,topicColor,keywordColor,limitPages,ratioNew
'SC Freiburg',de,Bundesliga,#EB0000,#888888,3,0.091577654291255
'Die PARTEI',de,Deutschland,#1818e8,#888888,3,0.03337464547877882
'Die PARTEI',de,Freiburg,#181818,#888888,3,0.0333700828970241
'Martin Horn',de,Freiburg,#18e818,#888888,2,0.0197250243959572
'Xavier Bettel',de,Luxemburg,#6618e9,#888888,1,0.0155269042409366
'Weinlese',de,Luxemburg,#219100,#888888,1,0.0068305416244642
'Martin Sonneborn',de,Deutschland,#e81818,#888888,1,0.0032612414733578
'WorldCup',de,Qatar,#4D0E00,#888888,1,0.000957820871553
'Gaston Vogel',de,Luxemburg,#f16188,#888888,1,2.5430119455635424e-14
