keyword,language,topic,topicColor,keywordColor,limitPages,ratioNew
'SC Freiburg',de,Bundesliga,#EB0000,#888888,3,0.08428530612092194
'Die PARTEI',de,Freiburg,#181818,#888888,3,0.0335300955883646
'Die PARTEI',de,Deutschland,#1818e8,#888888,3,0.0335280134221308
'Weinlese',de,Luxemburg,#219100,#888888,2,0.026138364657182
'Martin Sonneborn',de,Deutschland,#e81818,#888888,1,0.0215094262265805
'Martin Horn',de,Freiburg,#18e818,#888888,1,0.0099457443890471
'WorldCup',de,Qatar,#4D0E00,#888888,1,0.0037917767634817
'Xavier Bettel',de,Luxemburg,#6618e9,#888888,1,0.0016954104714012
'Gaston Vogel',de,Luxemburg,#f16188,#888888,1,1.6840622327979764e-13
