keyword,language,topic,topicColor,keywordColor,limitPages,ratioNew
'SC Freiburg',de,Bundesliga,#EB0000,#888888,3,0.1527435992805613
'Weinlese',de,Luxemburg,#219100,#888888,3,0.0512650125250017
'Die PARTEI',de,Freiburg,#181818,#888888,3,0.0372945765982764
'Xavier Bettel',de,Luxemburg,#6618e9,#888888,2,0.0338789489749432
'Die PARTEI',de,Deutschland,#1818e8,#888888,3,0.0334142626830473
'Martin Sonneborn',de,Deutschland,#e81818,#888888,1,0.0328804365000379
'Martin Horn',de,Freiburg,#18e818,#888888,1,0.012170682556956075
'WorldCup',de,Qatar,#4D0E00,#888888,1,0.0018410911943728
'Gaston Vogel',de,Luxemburg,#f16188,#888888,1,2.6097846627316103e-09
