keyword,language,topic,topicColor,keywordColor,limitPages,ratioNew
'SC Freiburg',de,Bundesliga,#EB0000,#888888,3,0.1286881652831212
'Die PARTEI',de,Deutschland,#1818e8,#888888,3,0.0333945546397229
'Die PARTEI',de,Freiburg,#181818,#888888,3,0.0333937417192579
'Weinlese',de,Luxemburg,#219100,#888888,1,0.0282767888021807
'Martin Horn',de,Freiburg,#18e818,#888888,1,0.0191586491377612
'Xavier Bettel',de,Luxemburg,#6618e9,#888888,1,0.0104185314096809
'Martin Sonneborn',de,Deutschland,#e81818,#888888,1,0.0084433871292245
'WorldCup',de,Qatar,#4D0E00,#888888,1,0.00012047007419062999
'Gaston Vogel',de,Luxemburg,#f16188,#888888,1,1.255120714943058e-06
