keyword,language,topic,topicColor,keywordColor,limitPages,ratioNew
'SC Freiburg',de,Bundesliga,#EB0000,#888888,3,0.1486370681470149
'Die PARTEI',de,Deutschland,#1818e8,#888888,3,0.0336021313659943
'Die PARTEI',de,Freiburg,#181818,#888888,3,0.0335716101595932
'Martin Sonneborn',de,Deutschland,#e81818,#888888,2,0.0276700231507452
'Xavier Bettel',de,Luxemburg,#6618e9,#888888,2,0.014268695278143735
'Martin Horn',de,Freiburg,#18e818,#888888,1,0.0130589466949013
'WorldCup',de,Qatar,#4D0E00,#888888,1,0.0126478048424118
'Weinlese',de,Luxemburg,#219100,#888888,1,0.010188891210468
'Gaston Vogel',de,Luxemburg,#f16188,#888888,1,7.235133302952537e-07
