keyword,language,topic,topicColor,keywordColor,limitPages,ratioNew
'SC Freiburg',de,Bundesliga,#EB0000,#888888,3,0.1127007358455897
'Weinlese',de,Luxemburg,#219100,#888888,1,0.0644477159238383
'Die PARTEI',de,Deutschland,#1818e8,#888888,3,0.0333955769522788
'Die PARTEI',de,Freiburg,#181818,#888888,3,0.0333913236279438
'Martin Sonneborn',de,Deutschland,#e81818,#888888,1,0.0270727882875527
'Martin Horn',de,Freiburg,#18e818,#888888,1,0.0171315883376035
'Xavier Bettel',de,Luxemburg,#6618e9,#888888,1,0.0161972029798144
'WorldCup',de,Qatar,#4D0E00,#888888,1,0.00101224527168659
'Gaston Vogel',de,Luxemburg,#f16188,#888888,1,0.0009464482269411
