keyword,language,topic,topicColor,keywordColor,limitPages,ratioNew
'Weinlese',de,Luxemburg,#219100,#888888,2,0.0768203603915895
'SC Freiburg',de,Bundesliga,#EB0000,#888888,3,0.076743773850228
'Martin Sonneborn',de,Deutschland,#e81818,#888888,1,0.0523826336868247
'Die PARTEI',de,Freiburg,#181818,#888888,3,0.0335969009382612
'Die PARTEI',de,Deutschland,#1818e8,#888888,3,0.033568695036727
'Martin Horn',de,Freiburg,#18e818,#888888,1,0.011373726023964718
'Xavier Bettel',de,Luxemburg,#6618e9,#888888,1,0.0028637524397962
'WorldCup',de,Qatar,#4D0E00,#888888,1,0.0027363299204775
'Gaston Vogel',de,Luxemburg,#f16188,#888888,1,1.9278544873098683e-12
