keyword,language,topic,topicColor,keywordColor,limitPages,ratioNew
'SC Freiburg',de,Bundesliga,#EB0000,#888888,3,0.123247231052927
'Die PARTEI',de,Freiburg,#181818,#888888,3,0.0334540231451488
'Die PARTEI',de,Deutschland,#1818e8,#888888,3,0.03344389976218
'Martin Horn',de,Freiburg,#18e818,#888888,1,0.0285548911540553
'Xavier Bettel',de,Luxemburg,#6618e9,#888888,1,0.022990664312566647
'Weinlese',de,Luxemburg,#219100,#888888,1,0.0171286735014751
'Martin Sonneborn',de,Deutschland,#e81818,#888888,1,0.0053103870927871
'WorldCup',de,Qatar,#4D0E00,#888888,1,0.0001643318470307
'Gaston Vogel',de,Luxemburg,#f16188,#888888,1,2.474477107080036e-13
