keyword,language,topic,topicColor,keywordColor,limitPages,ratioNew
'SC Freiburg',de,Bundesliga,#EB0000,#888888,3,0.1003116395917077
'Die PARTEI',de,Freiburg,#181818,#888888,3,0.03338207933874575
'Die PARTEI',de,Deutschland,#1818e8,#888888,3,0.0333808613332447
'Martin Horn',de,Freiburg,#18e818,#888888,1,0.0240060228286114
'Xavier Bettel',de,Luxemburg,#6618e9,#888888,1,0.0217922896656816
'Weinlese',de,Luxemburg,#219100,#888888,1,0.0103175122319793
'Martin Sonneborn',de,Deutschland,#e81818,#888888,1,0.004513829028869
'WorldCup',de,Qatar,#4D0E00,#888888,1,0.0003302087750329
'Gaston Vogel',de,Luxemburg,#f16188,#888888,1,7.93260666006329e-14
