keyword,language,topic,topicColor,keywordColor,limitPages,ratioNew
'SC Freiburg',de,Bundesliga,#EB0000,#888888,3,0.10054717775292112
'Weinlese',de,Luxemburg,#219100,#888888,1,0.035076235158593
'Die PARTEI',de,Deutschland,#1818e8,#888888,3,0.0333955769522788
'Die PARTEI',de,Freiburg,#181818,#888888,3,0.0333952050837522
'Martin Sonneborn',de,Deutschland,#e81818,#888888,1,0.0270727882875527
'Martin Horn',de,Freiburg,#18e818,#888888,1,0.0171315883376035
'Xavier Bettel',de,Luxemburg,#6618e9,#888888,1,0.0146677125328422
'WorldCup',de,Qatar,#4D0E00,#888888,1,0.0010054889215688
'Gaston Vogel',de,Luxemburg,#f16188,#888888,1,0.0009671511048701
