keyword,language,topic,topicColor,keywordColor,limitPages,ratioNew
'SC Freiburg',de,Bundesliga,#EB0000,#888888,3,0.0569803432566472
'Die PARTEI',de,Freiburg,#181818,#888888,3,0.0334822796261146
'Die PARTEI',de,Deutschland,#1818e8,#888888,3,0.03346080851352613
'Martin Sonneborn',de,Deutschland,#e81818,#888888,1,0.0250226293355491
'Martin Horn',de,Freiburg,#18e818,#888888,1,0.0208378751995266
'Weinlese',de,Luxemburg,#219100,#888888,1,0.0088818919325159
'Xavier Bettel',de,Luxemburg,#6618e9,#888888,1,0.001385174659278
'WorldCup',de,Qatar,#4D0E00,#888888,1,0.0007049980995556
'Gaston Vogel',de,Luxemburg,#f16188,#888888,1,0.000182278583479
