keyword,language,topic,topicColor,keywordColor,limitPages,ratioNew
'SC Freiburg',de,Bundesliga,#EB0000,#888888,3,0.0651586102783113
'Die PARTEI',de,Freiburg,#181818,#888888,3,0.0333751824379338
'Die PARTEI',de,Deutschland,#1818e8,#888888,3,0.0333750771332579
'Martin Horn',de,Freiburg,#18e818,#888888,1,0.0232554044043196
'Xavier Bettel',de,Luxemburg,#6618e9,#888888,1,0.0191235062158293
'Weinlese',de,Luxemburg,#219100,#888888,1,0.0090699153971824
'Martin Sonneborn',de,Deutschland,#e81818,#888888,1,0.004513829028869
'WorldCup',de,Qatar,#4D0E00,#888888,1,0.0006504125937469
'Gaston Vogel',de,Luxemburg,#f16188,#888888,1,4.8716120651113704e-14
