keyword,language,topic,topicColor,keywordColor,limitPages,ratioNew
'SC Freiburg',de,Bundesliga,#EB0000,#888888,3,0.1741844972500053
'Die PARTEI',de,Deutschland,#1818e8,#888888,3,0.0334303868517255
'Die PARTEI',de,Freiburg,#181818,#888888,3,0.033424810357642
'Weinlese',de,Luxemburg,#219100,#888888,1,0.0319065715727534
'Martin Sonneborn',de,Deutschland,#e81818,#888888,1,0.0296043070470737
'Martin Horn',de,Freiburg,#18e818,#888888,1,0.0195584651302603
'Xavier Bettel',de,Luxemburg,#6618e9,#888888,1,0.015556133579232108
'WorldCup',de,Qatar,#4D0E00,#888888,1,0.0011048391153536
'Gaston Vogel',de,Luxemburg,#f16188,#888888,1,1.2787470357831466e-09
