keyword,language,topic,topicColor,keywordColor,limitPages,ratioNew
'SC Freiburg',de,Bundesliga,#EB0000,#888888,3,0.15585157202680264
'Martin Sonneborn',de,Deutschland,#e81818,#888888,1,0.0739608730014883
'Die PARTEI',de,Freiburg,#181818,#888888,3,0.0335642131401616
'Die PARTEI',de,Deutschland,#1818e8,#888888,3,0.033523256872517
'Weinlese',de,Luxemburg,#219100,#888888,1,0.0276822941406985
'Martin Horn',de,Freiburg,#18e818,#888888,1,0.0161120280407406
'Xavier Bettel',de,Luxemburg,#6618e9,#888888,1,0.0096924148686988
'WorldCup',de,Qatar,#4D0E00,#888888,1,0.0001201904757031
'Gaston Vogel',de,Luxemburg,#f16188,#888888,1,4.3734235891695077e-16
