keyword,language,topic,topicColor,keywordColor,limitPages,ratioNew
'SC Freiburg',de,Bundesliga,#EB0000,#888888,3,0.0802898079005571
'Weinlese',de,Luxemburg,#219100,#888888,1,0.04065107101002539
'Die PARTEI',de,Deutschland,#1818e8,#888888,3,0.0333865349181197
'Die PARTEI',de,Freiburg,#181818,#888888,3,0.0333862031958392
'Martin Horn',de,Freiburg,#18e818,#888888,1,0.0177275125020324
'Martin Sonneborn',de,Deutschland,#e81818,#888888,1,0.0074769090598408
'Xavier Bettel',de,Luxemburg,#6618e9,#888888,1,0.0071701077769701
'WorldCup',de,Qatar,#4D0E00,#888888,1,6.288613166545074e-05
'Gaston Vogel',de,Luxemburg,#f16188,#888888,1,3.4200850260223724e-07
