keyword,language,topic,topicColor,keywordColor,limitPages,ratioNew
'SC Freiburg',de,Bundesliga,#EB0000,#888888,3,0.1139145349573097
'Weinlese',de,Luxemburg,#219100,#888888,3,0.0717127084006093
'Martin Sonneborn',de,Deutschland,#e81818,#888888,1,0.0444887126807051
'Die PARTEI',de,Deutschland,#1818e8,#888888,3,0.033398832568291
'Die PARTEI',de,Freiburg,#181818,#888888,3,0.0333974348823777
'Martin Horn',de,Freiburg,#18e818,#888888,1,0.0112992045151877
'Xavier Bettel',de,Luxemburg,#6618e9,#888888,1,0.0056252146135316
'WorldCup',de,Qatar,#4D0E00,#888888,1,0.0016416088334203
'Gaston Vogel',de,Luxemburg,#f16188,#888888,1,3.0703348973313065e-09
