keyword,language,topic,topicColor,keywordColor,limitPages,ratioNew
'SC Freiburg',de,Bundesliga,#EB0000,#888888,3,0.0662116713375678
'Martin Sonneborn',de,Deutschland,#e81818,#888888,1,0.0454253286338009
'Weinlese',de,Luxemburg,#219100,#888888,2,0.0431332200944317
'Die PARTEI',de,Freiburg,#181818,#888888,3,0.0335908219278937
'Die PARTEI',de,Deutschland,#1818e8,#888888,3,0.0335704129519299
'Martin Horn',de,Freiburg,#18e818,#888888,1,0.011167817120369995
'WorldCup',de,Qatar,#4D0E00,#888888,1,0.0029259404324058
'Xavier Bettel',de,Luxemburg,#6618e9,#888888,1,0.0023465888877526
'Gaston Vogel',de,Luxemburg,#f16188,#888888,1,1.638676314213388e-12
