keyword,language,topic,topicColor,keywordColor,limitPages,ratioNew
'SC Freiburg',de,Bundesliga,#EB0000,#888888,3,0.1152608982533009
'Die PARTEI',de,Freiburg,#181818,#888888,3,0.0333981026977538
'Die PARTEI',de,Deutschland,#1818e8,#888888,3,0.033397758399674
'Weinlese',de,Luxemburg,#219100,#888888,1,0.031148951531977307
'Martin Horn',de,Freiburg,#18e818,#888888,1,0.0200687519267779
'Xavier Bettel',de,Luxemburg,#6618e9,#888888,1,0.0122570957760952
'Martin Sonneborn',de,Deutschland,#e81818,#888888,1,0.0084433871292245
'WorldCup',de,Qatar,#4D0E00,#888888,1,0.000271509199455
'Gaston Vogel',de,Luxemburg,#f16188,#888888,1,2.828725912410747e-06
