keyword,language,topic,topicColor,keywordColor,limitPages,ratioNew
'SC Freiburg',de,Bundesliga,#EB0000,#888888,3,0.132303892549606
'Die PARTEI',de,Deutschland,#1818e8,#888888,3,0.0380614186963886
'Martin Sonneborn',de,Deutschland,#e81818,#888888,1,0.03401095972077292
'Die PARTEI',de,Freiburg,#181818,#888888,3,0.0335596322437667
'Weinlese',de,Luxemburg,#219100,#888888,1,0.0211105685166546
'Martin Horn',de,Freiburg,#18e818,#888888,1,0.016741450259435
'Xavier Bettel',de,Luxemburg,#6618e9,#888888,1,0.0065401116853035
'WorldCup',de,Qatar,#4D0E00,#888888,1,2.36624283114678e-05
'Gaston Vogel',de,Luxemburg,#f16188,#888888,1,1.402019400036495e-16
