keyword,language,topic,topicColor,keywordColor,limitPages,ratioNew
'SC Freiburg',de,Bundesliga,#EB0000,#888888,3,0.04297060665528817
'Die PARTEI',de,Freiburg,#181818,#888888,3,0.0335260153711525
'Die PARTEI',de,Deutschland,#1818e8,#888888,3,0.0334692734474294
'Weinlese',de,Luxemburg,#219100,#888888,1,0.0322144284008218
'Martin Horn',de,Freiburg,#18e818,#888888,1,0.0165385630321671
'Xavier Bettel',de,Luxemburg,#6618e9,#888888,1,0.0111103783649811
'Martin Sonneborn',de,Deutschland,#e81818,#888888,1,0.0015235208450859
'WorldCup',de,Qatar,#4D0E00,#888888,1,0.0003749191071255
'Gaston Vogel',de,Luxemburg,#f16188,#888888,1,8.378105796950723e-16
