keyword,language,topic,topicColor,keywordColor,limitPages,ratioNew
'SC Freiburg',de,Bundesliga,#EB0000,#888888,3,0.13554195018530824
'Die PARTEI',de,Deutschland,#1818e8,#888888,3,0.0351292043754885
'Die PARTEI',de,Freiburg,#181818,#888888,3,0.0348837090858899
'Martin Sonneborn',de,Deutschland,#e81818,#888888,1,0.0283172507655826
'Martin Horn',de,Freiburg,#18e818,#888888,2,0.0190128125091695
'WorldCup',de,Qatar,#4D0E00,#888888,1,0.0175056122386324
'Xavier Bettel',de,Luxemburg,#6618e9,#888888,2,0.0164045937651761
'Weinlese',de,Luxemburg,#219100,#888888,1,0.0153341160764797
'Gaston Vogel',de,Luxemburg,#f16188,#888888,1,3.1237495438291374e-06
