keyword,language,topic,topicColor,keywordColor,limitPages,ratioNew
'SC Freiburg',de,Bundesliga,#EB0000,#888888,3,0.0595744940128507
'Die PARTEI',de,Freiburg,#181818,#888888,3,0.0335586700649823
'Die PARTEI',de,Deutschland,#1818e8,#888888,3,0.0335369695239998
'Weinlese',de,Luxemburg,#219100,#888888,2,0.0273428763835725
'Martin Horn',de,Freiburg,#18e818,#888888,1,0.0092143658854235
'Martin Sonneborn',de,Deutschland,#e81818,#888888,1,0.00880509422537836
'WorldCup',de,Qatar,#4D0E00,#888888,1,0.0016567121154512
'Xavier Bettel',de,Luxemburg,#6618e9,#888888,1,0.0010411939557492
'Gaston Vogel',de,Luxemburg,#f16188,#888888,1,1.0628693256322378e-14
