keyword,language,topic,topicColor,keywordColor,limitPages,ratioNew
'SC Freiburg',de,Bundesliga,#EB0000,#888888,3,0.11820607736448685
'Die PARTEI',de,Deutschland,#1818e8,#888888,3,0.0335326700165915
'Die PARTEI',de,Freiburg,#181818,#888888,3,0.0335170512629824
'Weinlese',de,Luxemburg,#219100,#888888,1,0.0321637054843826
'Martin Sonneborn',de,Deutschland,#e81818,#888888,1,0.0129044829973621
'Xavier Bettel',de,Luxemburg,#6618e9,#888888,1,0.0109482462508222
'Martin Horn',de,Freiburg,#18e818,#888888,1,0.0084484843502611
'WorldCup',de,Qatar,#4D0E00,#888888,1,0.0019742566113016
'Gaston Vogel',de,Luxemburg,#f16188,#888888,1,2.972265178248046e-10
