keyword,language,topic,topicColor,keywordColor,limitPages,ratioNew
'SC Freiburg',de,Bundesliga,#EB0000,#888888,3,0.12089621662737977
'Die PARTEI',de,Freiburg,#181818,#888888,3,0.0344792000645554
'Die PARTEI',de,Deutschland,#1818e8,#888888,3,0.0344737240995968
'Martin Sonneborn',de,Deutschland,#e81818,#888888,1,0.0283172507655826
'Martin Horn',de,Freiburg,#18e818,#888888,1,0.0164360866446935
'Xavier Bettel',de,Luxemburg,#6618e9,#888888,1,0.0139442497003996
'Weinlese',de,Luxemburg,#219100,#888888,1,0.0133340286650077
'WorldCup',de,Qatar,#4D0E00,#888888,1,0.0126478048424118
'Gaston Vogel',de,Luxemburg,#f16188,#888888,1,2.2569090454165518e-06
