keyword,language,topic,topicColor,keywordColor,limitPages,ratioNew
'SC Freiburg',de,Bundesliga,#EB0000,#888888,3,0.0712705691761532
'Die PARTEI',de,Freiburg,#181818,#888888,3,0.033405082903338
'Die PARTEI',de,Deutschland,#1818e8,#888888,3,0.0333986863525577
'Weinlese',de,Luxemburg,#219100,#888888,1,0.0233374219981466
'Martin Horn',de,Freiburg,#18e818,#888888,1,0.021423242805229
'Xavier Bettel',de,Luxemburg,#6618e9,#888888,1,0.0155217875793706
'Martin Sonneborn',de,Deutschland,#e81818,#888888,1,0.0115959902440817
'WorldCup',de,Qatar,#4D0E00,#888888,1,0.0007198980462836
'Gaston Vogel',de,Luxemburg,#f16188,#888888,1,6.375235618597078e-06
