keyword,language,topic,topicColor,keywordColor,limitPages,ratioNew
'SC Freiburg',de,Bundesliga,#EB0000,#888888,3,0.0487369020491064
'Die PARTEI',de,Freiburg,#181818,#888888,3,0.0336107302282531
'Die PARTEI',de,Deutschland,#1818e8,#888888,3,0.0335493310205486
'Martin Sonneborn',de,Deutschland,#e81818,#888888,2,0.0287904901498627
'Martin Horn',de,Freiburg,#18e818,#888888,1,0.0137620525381684
'Weinlese',de,Luxemburg,#219100,#888888,1,0.0067632319773903
'Xavier Bettel',de,Luxemburg,#6618e9,#888888,1,0.0010004595011776
'WorldCup',de,Qatar,#4D0E00,#888888,1,0.0006371767967906
'Gaston Vogel',de,Luxemburg,#f16188,#888888,1,4.338813036398204e-06
