keyword,language,topic,topicColor,keywordColor,limitPages,ratioNew
'SC Freiburg',de,Bundesliga,#EB0000,#888888,3,0.0644350058006524
'Die PARTEI',de,Deutschland,#1818e8,#888888,3,0.03396468840139
'Die PARTEI',de,Freiburg,#181818,#888888,3,0.03388422381561222
'Martin Sonneborn',de,Deutschland,#e81818,#888888,1,0.0283172507655826
'Martin Horn',de,Freiburg,#18e818,#888888,1,0.0160379888507909
'Xavier Bettel',de,Luxemburg,#6618e9,#888888,2,0.0154529722453396
'Weinlese',de,Luxemburg,#219100,#888888,1,0.0133340286650077
'WorldCup',de,Qatar,#4D0E00,#888888,1,0.0126478048424118
'Gaston Vogel',de,Luxemburg,#f16188,#888888,1,1.38602426751644e-06
