keyword,language,topic,topicColor,keywordColor,limitPages,ratioNew
'Die PARTEI',de,Deutschland,#1818e8,#888888,3,0.2511451927533413
'Martin Sonneborn',de,Deutschland,#e81818,#888888,1,0.2001024206174938
'Weinlese',de,Luxemburg,#219100,#888888,1,0.1934430621157221
'SC Freiburg',de,Bundesliga,#EB0000,#888888,3,0.1790040964951275
'Die PARTEI',de,Freiburg,#181818,#888888,3,0.1751556299473557
'Martin Horn',de,Freiburg,#18e818,#888888,1,0.1415022230256499
'WorldCup',de,Qatar,#4D0E00,#888888,1,0.1374041898864482
'Gaston Vogel',de,Luxemburg,#f16188,#888888,1,0.063113423300654
'Xavier Bettel',de,Luxemburg,#6618e9,#888888,1,0.0476873722261161
