keyword,language,topic,topicColor,keywordColor,limitPages,ratioNew
'SC Freiburg',de,Bundesliga,#EB0000,#888888,3,0.0744093938785284
'Die PARTEI',de,Freiburg,#181818,#888888,3,0.033381479175144724
'Die PARTEI',de,Deutschland,#1818e8,#888888,3,0.0333770696487265
'Weinlese',de,Luxemburg,#219100,#888888,2,0.0324318556764638
'Martin Horn',de,Freiburg,#18e818,#888888,1,0.0145544003278105
'Xavier Bettel',de,Luxemburg,#6618e9,#888888,1,0.0071701077769701
'Martin Sonneborn',de,Deutschland,#e81818,#888888,1,0.0065053877008646
'WorldCup',de,Qatar,#4D0E00,#888888,1,2.015985298258151e-05
'Gaston Vogel',de,Luxemburg,#f16188,#888888,1,1.0964008993165557e-07
