keyword,language,topic,topicColor,keywordColor,limitPages,ratioNew
'SC Freiburg',de,Bundesliga,#EB0000,#888888,3,0.07801865785429798
'Die PARTEI',de,Freiburg,#181818,#888888,3,0.033405082903338
'Die PARTEI',de,Deutschland,#1818e8,#888888,3,0.033395736885362
'Weinlese',de,Luxemburg,#219100,#888888,1,0.0262203729389961
'Martin Horn',de,Freiburg,#18e818,#888888,1,0.0225564915355636
'Xavier Bettel',de,Luxemburg,#6618e9,#888888,1,0.0163195559757302
'Martin Sonneborn',de,Deutschland,#e81818,#888888,1,0.0115959902440817
'WorldCup',de,Qatar,#4D0E00,#888888,1,0.0009963986799775
'Gaston Vogel',de,Luxemburg,#f16188,#888888,1,8.823855527470006e-06
