keyword,language,topic,topicColor,keywordColor,limitPages,ratioNew
'SC Freiburg',de,Bundesliga,#EB0000,#888888,3,0.1344756093211062
'Die PARTEI',de,Deutschland,#1818e8,#888888,3,0.0335004442839855
'Martin Sonneborn',de,Deutschland,#e81818,#888888,1,0.033464988423969
'Die PARTEI',de,Freiburg,#181818,#888888,3,0.0334588007558039
'Weinlese',de,Luxemburg,#219100,#888888,1,0.0311115319426853
'Martin Horn',de,Freiburg,#18e818,#888888,1,0.014831761995417
'Xavier Bettel',de,Luxemburg,#6618e9,#888888,1,0.0048481038235513
'WorldCup',de,Qatar,#4D0E00,#888888,1,0.0009616306085157
'Gaston Vogel',de,Luxemburg,#f16188,#888888,1,2.83666624128638e-18
