keyword,language,topic,topicColor,keywordColor,limitPages,ratioNew
'SC Freiburg',de,Bundesliga,#EB0000,#888888,3,0.0539000238775881
'Die PARTEI',de,Freiburg,#181818,#888888,3,0.0334589970412017
'Die PARTEI',de,Deutschland,#1818e8,#888888,3,0.0334458749864054
'Martin Sonneborn',de,Deutschland,#e81818,#888888,1,0.0269675521594696
'Martin Horn',de,Freiburg,#18e818,#888888,1,0.0238477708643968
'Weinlese',de,Luxemburg,#219100,#888888,1,0.0099655550763472
'Xavier Bettel',de,Luxemburg,#6618e9,#888888,1,0.0024188732904589
'Gaston Vogel',de,Luxemburg,#f16188,#888888,1,0.00150761208695766
'WorldCup',de,Qatar,#4D0E00,#888888,1,0.0009604922920255
