keyword,language,topic,topicColor,keywordColor,limitPages,ratioNew
'Die PARTEI',de,Deutschland,#1818e8,#888888,3,0.3152502559176332
'SC Freiburg',de,Bundesliga,#EB0000,#888888,2,0.2675992967219933
'Martin Horn',de,Freiburg,#18e818,#888888,1,0.2545898159972223
'Martin Sonneborn',de,Deutschland,#e81818,#888888,1,0.2336917572560469
'Gaston Vogel',de,Luxemburg,#f16188,#888888,1,0.2316169462832029
'Weinlese',de,Luxemburg,#219100,#888888,1,0.227403584842026
'Die PARTEI',de,Freiburg,#181818,#888888,3,0.2242668817767744
'WorldCup',de,Qatar,#4D0E00,#888888,1,0.1859223285625582
'Xavier Bettel',de,Luxemburg,#6618e9,#888888,1,0.14451560080753958
