keyword,language,topic,topicColor,keywordColor,limitPages,ratioNew
'SC Freiburg',de,Bundesliga,#EB0000,#888888,3,0.2121488605385999
'Die PARTEI',de,Deutschland,#1818e8,#888888,3,0.0333895725796801
'Die PARTEI',de,Freiburg,#181818,#888888,3,0.0333763546601576
'Martin Sonneborn',de,Deutschland,#e81818,#888888,1,0.0311443862206503
'Xavier Bettel',de,Luxemburg,#6618e9,#888888,1,0.0182101430017967
'Martin Horn',de,Freiburg,#18e818,#888888,1,0.0180635229586209
'Weinlese',de,Luxemburg,#219100,#888888,1,0.0093909844727125
'WorldCup',de,Qatar,#4D0E00,#888888,1,0.0009626465109589
'Gaston Vogel',de,Luxemburg,#f16188,#888888,1,3.5809726636227164e-11
