keyword,language,topic,topicColor,keywordColor,limitPages,ratioNew
'SC Freiburg',de,Bundesliga,#EB0000,#888888,3,0.1241326348178469
'Die PARTEI',de,Freiburg,#181818,#888888,3,0.0358319202534164
'Weinlese',de,Luxemburg,#219100,#888888,2,0.0354438157934655
'Die PARTEI',de,Deutschland,#1818e8,#888888,3,0.0334239132805902
'Xavier Bettel',de,Luxemburg,#6618e9,#888888,2,0.0257796985021013
'Martin Sonneborn',de,Deutschland,#e81818,#888888,1,0.0249095447030857
'Martin Horn',de,Freiburg,#18e818,#888888,1,0.0138175812277469
'WorldCup',de,Qatar,#4D0E00,#888888,1,0.0007133887482545
'Gaston Vogel',de,Luxemburg,#f16188,#888888,1,1.9377934605004158e-10
