keyword,language,topic,topicColor,keywordColor,limitPages,ratioNew
'SC Freiburg',de,Bundesliga,#EB0000,#888888,3,0.0685105425799632
'Die PARTEI',de,Deutschland,#1818e8,#888888,3,0.0334490917542927
'Die PARTEI',de,Freiburg,#181818,#888888,3,0.03344596797339147
'Martin Horn',de,Freiburg,#18e818,#888888,1,0.0166902386174794
'Weinlese',de,Luxemburg,#219100,#888888,1,0.0118076305886316
'Martin Sonneborn',de,Deutschland,#e81818,#888888,1,0.0100348071336794
'Xavier Bettel',de,Luxemburg,#6618e9,#888888,1,0.0089880544887115
'WorldCup',de,Qatar,#4D0E00,#888888,1,0.0008940553239679
'Gaston Vogel',de,Luxemburg,#f16188,#888888,1,2.600040572145046e-17
