keyword,language,topic,topicColor,keywordColor,limitPages,ratioNew
'SC Freiburg',de,Bundesliga,#EB0000,#888888,3,0.1036765750505295
'Die PARTEI',de,Deutschland,#1818e8,#888888,3,0.0333988118935035
'Die PARTEI',de,Freiburg,#181818,#888888,3,0.0333957132638622
'Weinlese',de,Luxemburg,#219100,#888888,1,0.0277206458368403
'Martin Horn',de,Freiburg,#18e818,#888888,1,0.0196249953607212
'Martin Sonneborn',de,Deutschland,#e81818,#888888,1,0.0187999241511164
'Xavier Bettel',de,Luxemburg,#6618e9,#888888,1,0.014467265718872694
'WorldCup',de,Qatar,#4D0E00,#888888,1,0.0009560370717164
'Gaston Vogel',de,Luxemburg,#f16188,#888888,1,4.0993700137964e-10
