keyword,language,topic,topicColor,keywordColor,limitPages,ratioNew
'SC Freiburg',de,Bundesliga,#EB0000,#888888,3,0.1207080707405168
'Die PARTEI',de,Deutschland,#1818e8,#888888,3,0.0333986863525577
'Die PARTEI',de,Freiburg,#181818,#888888,3,0.03339801493853404
'Weinlese',de,Luxemburg,#219100,#888888,1,0.0309662779846117
'Martin Horn',de,Freiburg,#18e818,#888888,1,0.0200687519267779
'Xavier Bettel',de,Luxemburg,#6618e9,#888888,1,0.014243624442465
'Martin Sonneborn',de,Deutschland,#e81818,#888888,1,0.0090509554461465
'WorldCup',de,Qatar,#4D0E00,#888888,1,0.0003757912795227
'Gaston Vogel',de,Luxemburg,#f16188,#888888,1,3.915191574270931e-06
