keyword,language,topic,topicColor,keywordColor,limitPages,ratioNew
'SC Freiburg',de,Bundesliga,#EB0000,#888888,3,0.1126470720662032
'Die PARTEI',de,Deutschland,#1818e8,#888888,3,0.0423615060100652
'Die PARTEI',de,Freiburg,#181818,#888888,3,0.0423596044081172
'Weinlese',de,Luxemburg,#219100,#888888,1,0.0365208185599847
'Xavier Bettel',de,Luxemburg,#6618e9,#888888,1,0.0351256288191884
'Martin Horn',de,Freiburg,#18e818,#888888,1,0.0340534367950081
'WorldCup',de,Qatar,#4D0E00,#888888,1,0.0326194766619318
'Martin Sonneborn',de,Deutschland,#e81818,#888888,1,0.0164794392784805
'Gaston Vogel',de,Luxemburg,#f16188,#888888,1,0.000181636474102285
