keyword,language,topic,topicColor,keywordColor,limitPages,ratioNew
'SC Freiburg',de,Bundesliga,#EB0000,#888888,3,0.067506027798816
'Die PARTEI',de,Deutschland,#1818e8,#888888,3,0.0336306411264227
'Die PARTEI',de,Freiburg,#181818,#888888,3,0.0336264143828104
'Weinlese',de,Luxemburg,#219100,#888888,1,0.0205229735086419
'Martin Sonneborn',de,Deutschland,#e81818,#888888,1,0.0171237781970411
'Martin Horn',de,Freiburg,#18e818,#888888,1,0.008267455848112436
'Xavier Bettel',de,Luxemburg,#6618e9,#888888,1,0.0074554518840991
'WorldCup',de,Qatar,#4D0E00,#888888,1,0.0026982483104721
'Gaston Vogel',de,Luxemburg,#f16188,#888888,1,6.518204247626275e-09
