keyword,language,topic,topicColor,keywordColor,limitPages,ratioNew
'SC Freiburg',de,Bundesliga,#EB0000,#888888,3,0.04761021333953246
'Die PARTEI',de,Freiburg,#181818,#888888,3,0.033371228577196
'Die PARTEI',de,Deutschland,#1818e8,#888888,3,0.0333704005632692
'Martin Horn',de,Freiburg,#18e818,#888888,1,0.0226173787436716
'Xavier Bettel',de,Luxemburg,#6618e9,#888888,1,0.0168550402834549
'Weinlese',de,Luxemburg,#219100,#888888,1,0.0068305416244642
'Martin Sonneborn',de,Deutschland,#e81818,#888888,1,0.0038367546745386
'WorldCup',de,Qatar,#4D0E00,#888888,1,0.0009191064708097
'Gaston Vogel',de,Luxemburg,#f16188,#888888,1,2.5430119455635424e-14
