keyword,language,topic,topicColor,keywordColor,limitPages,ratioNew
'SC Freiburg',de,Bundesliga,#EB0000,#888888,3,0.0899757143669355
'Martin Sonneborn',de,Deutschland,#e81818,#888888,1,0.0475463413981534
'Die PARTEI',de,Freiburg,#181818,#888888,3,0.0334478510339129
'Die PARTEI',de,Deutschland,#1818e8,#888888,3,0.0334458749864054
'Weinlese',de,Luxemburg,#219100,#888888,1,0.017896264444315
'Martin Horn',de,Freiburg,#18e818,#888888,1,0.0112324598404669
'Xavier Bettel',de,Luxemburg,#6618e9,#888888,1,0.0024188732904589
'Gaston Vogel',de,Luxemburg,#f16188,#888888,1,0.0019723337365841202
'WorldCup',de,Qatar,#4D0E00,#888888,1,0.0009242240732762
