keyword,language,topic,topicColor,keywordColor,limitPages,ratioNew
'SC Freiburg',de,Bundesliga,#EB0000,#888888,3,0.1081931871089218
'Martin Sonneborn',de,Deutschland,#e81818,#888888,1,0.05434147405351579
'Die PARTEI',de,Freiburg,#181818,#888888,3,0.0335596322437667
'Die PARTEI',de,Deutschland,#1818e8,#888888,3,0.0335266695893343
'Weinlese',de,Luxemburg,#219100,#888888,1,0.0241300100195937
'Martin Horn',de,Freiburg,#18e818,#888888,1,0.0161120280407406
'Xavier Bettel',de,Luxemburg,#6618e9,#888888,1,0.0075177608062395
'WorldCup',de,Qatar,#4D0E00,#888888,1,4.532977969414695e-05
'Gaston Vogel',de,Luxemburg,#f16188,#888888,1,1.9405112803273287e-16
