keyword,language,topic,topicColor,keywordColor,limitPages,ratioNew
'SC Freiburg',de,Bundesliga,#EB0000,#888888,3,0.1196518571652622
'Martin Horn',de,Freiburg,#18e818,#888888,1,0.0453960014573715
'Die PARTEI',de,Deutschland,#1818e8,#888888,3,0.0439621129530179
'Die PARTEI',de,Freiburg,#181818,#888888,3,0.043958728715432126
'Weinlese',de,Luxemburg,#219100,#888888,1,0.041906739482335
'Xavier Bettel',de,Luxemburg,#6618e9,#888888,1,0.040971292728457
'WorldCup',de,Qatar,#4D0E00,#888888,1,0.0381993666610963
'Martin Sonneborn',de,Deutschland,#e81818,#888888,1,0.0312164525898505
'Gaston Vogel',de,Luxemburg,#f16188,#888888,1,0.0004093628563495
