keyword,language,topic,topicColor,keywordColor,limitPages,ratioNew
'Die PARTEI',de,Freiburg,#181818,#888888,3,0.1526602541953206
'Die PARTEI',de,Deutschland,#1818e8,#888888,3,0.1392663033825318
'Martin Horn',de,Freiburg,#18e818,#888888,2,0.1305700617146595
'Martin Sonneborn',de,Deutschland,#e81818,#888888,1,0.12511749699921831
'SC Freiburg',de,Bundesliga,#EB0000,#888888,3,0.1235171424646448
'Weinlese',de,Luxemburg,#219100,#888888,1,0.10173405674292
'WorldCup',de,Qatar,#4D0E00,#888888,1,0.0483550732333514
'Gaston Vogel',de,Luxemburg,#f16188,#888888,1,0.0146181383743764
'Xavier Bettel',de,Luxemburg,#6618e9,#888888,1,0.0115511851349971
