keyword,language,topic,topicColor,keywordColor,limitPages,ratioNew
'SC Freiburg',de,Bundesliga,#EB0000,#888888,3,0.0853333315224079
'Die PARTEI',de,Freiburg,#181818,#888888,3,0.03340111825402642
'Die PARTEI',de,Deutschland,#1818e8,#888888,3,0.0333986863525577
'Weinlese',de,Luxemburg,#219100,#888888,1,0.0309662779846117
'Martin Horn',de,Freiburg,#18e818,#888888,1,0.0206099963844446
'Xavier Bettel',de,Luxemburg,#6618e9,#888888,1,0.014243624442465
'Martin Sonneborn',de,Deutschland,#e81818,#888888,1,0.0097657417013489
'WorldCup',de,Qatar,#4D0E00,#888888,1,0.0004421073876738
'Gaston Vogel',de,Luxemburg,#f16188,#888888,1,5.418950275807517e-06
