keyword,language,topic,topicColor,keywordColor,limitPages,ratioNew
'SC Freiburg',de,Bundesliga,#EB0000,#888888,3,0.1055564528187547
'Weinlese',de,Luxemburg,#219100,#888888,2,0.0607574564899636
'Die PARTEI',de,Deutschland,#1818e8,#888888,3,0.0335244560421781
'Die PARTEI',de,Freiburg,#181818,#888888,3,0.0335222879642776
'Martin Sonneborn',de,Deutschland,#e81818,#888888,2,0.0160674538076416
'Martin Horn',de,Freiburg,#18e818,#888888,1,0.0078742069430636
'Xavier Bettel',de,Luxemburg,#6618e9,#888888,1,0.0044188682105375
'WorldCup',de,Qatar,#4D0E00,#888888,1,0.0006894795205573
'Gaston Vogel',de,Luxemburg,#f16188,#888888,1,4.97388496033717e-11
