keyword,language,topic,topicColor,keywordColor,limitPages,ratioNew
'SC Freiburg',de,Bundesliga,#EB0000,#888888,3,0.1574193705961005
'Die PARTEI',de,Deutschland,#1818e8,#888888,3,0.033707921716146
'Die PARTEI',de,Freiburg,#181818,#888888,3,0.03347295191114744
'Martin Sonneborn',de,Deutschland,#e81818,#888888,1,0.033464988423969
'Martin Horn',de,Freiburg,#18e818,#888888,2,0.016929923216637
'Weinlese',de,Luxemburg,#219100,#888888,1,0.0092423831695682
'Xavier Bettel',de,Luxemburg,#6618e9,#888888,1,0.0051741868512369
'WorldCup',de,Qatar,#4D0E00,#888888,1,0.000770216853027
'Gaston Vogel',de,Luxemburg,#f16188,#888888,1,7.521330728969777e-18
