keyword,language,topic,topicColor,keywordColor,limitPages,ratioNew
'SC Freiburg',de,Bundesliga,#EB0000,#888888,3,0.0574241024752926
'Die PARTEI',de,Freiburg,#181818,#888888,3,0.0336118472253888
'Die PARTEI',de,Deutschland,#1818e8,#888888,3,0.0335938245567642
'Weinlese',de,Luxemburg,#219100,#888888,1,0.0178806536099937
'Martin Sonneborn',de,Deutschland,#e81818,#888888,1,0.0171237781970411
'Xavier Bettel',de,Luxemburg,#6618e9,#888888,2,0.0103875391014842
'Martin Horn',de,Freiburg,#18e818,#888888,1,0.0082674558481124
'WorldCup',de,Qatar,#4D0E00,#888888,1,0.0026982483104721
'Gaston Vogel',de,Luxemburg,#f16188,#888888,1,4.7094025689099835e-09
