keyword,language,topic,topicColor,keywordColor,limitPages,ratioNew
'SC Freiburg',de,Bundesliga,#EB0000,#888888,3,0.1021119045440421
'Die PARTEI',de,Deutschland,#1818e8,#888888,3,0.0335059568364391
'Die PARTEI',de,Freiburg,#181818,#888888,3,0.033498075231879
'Weinlese',de,Luxemburg,#219100,#888888,1,0.0331230099548364
'Martin Sonneborn',de,Deutschland,#e81818,#888888,2,0.0148436574207549
'Martin Horn',de,Freiburg,#18e818,#888888,1,0.0083813316977219
'Xavier Bettel',de,Luxemburg,#6618e9,#888888,1,0.007195388903786
'WorldCup',de,Qatar,#4D0E00,#888888,1,0.000954296914266385
'Gaston Vogel',de,Luxemburg,#f16188,#888888,1,1.3188098497474169e-10
