keyword,language,topic,topicColor,keywordColor,limitPages,ratioNew
'SC Freiburg',de,Bundesliga,#EB0000,#888888,3,0.0949582300183092
'Die PARTEI',de,Deutschland,#1818e8,#888888,3,0.0335293733603456
'Die PARTEI',de,Freiburg,#181818,#888888,3,0.0335220838125934
'Weinlese',de,Luxemburg,#219100,#888888,2,0.026138364657182
'Martin Sonneborn',de,Deutschland,#e81818,#888888,1,0.0163731436987043
'Martin Horn',de,Freiburg,#18e818,#888888,1,0.00950398773069
'WorldCup',de,Qatar,#4D0E00,#888888,1,0.0035721419616154
'Xavier Bettel',de,Luxemburg,#6618e9,#888888,1,0.0012249340655873498
'Gaston Vogel',de,Luxemburg,#f16188,#888888,1,6.351432553821128e-14
