keyword,language,topic,topicColor,keywordColor,limitPages,ratioNew
'SC Freiburg',de,Bundesliga,#EB0000,#888888,3,0.1189342384633894
'Die PARTEI',de,Deutschland,#1818e8,#888888,3,0.0338226058354963
'Die PARTEI',de,Freiburg,#181818,#888888,3,0.0334849081307617
'Martin Sonneborn',de,Deutschland,#e81818,#888888,1,0.027161880275138
'Martin Horn',de,Freiburg,#18e818,#888888,1,0.014950602721989
'Weinlese',de,Luxemburg,#219100,#888888,1,0.0105204154936097
'Xavier Bettel',de,Luxemburg,#6618e9,#888888,1,0.0055578139426317
'WorldCup',de,Qatar,#4D0E00,#888888,1,0.000625773686997245
'Gaston Vogel',de,Luxemburg,#f16188,#888888,1,1.440850704176392e-17
