keyword,language,topic,topicColor,keywordColor,limitPages,ratioNew
'SC Freiburg',de,Bundesliga,#EB0000,#888888,3,0.1197876526154866
'Die PARTEI',de,Deutschland,#1818e8,#888888,3,0.0349217377426854
'Die PARTEI',de,Freiburg,#181818,#888888,3,0.0335419724072016
'Martin Sonneborn',de,Deutschland,#e81818,#888888,1,0.0307094957626569
'Martin Horn',de,Freiburg,#18e818,#888888,1,0.0166304727205197
'Weinlese',de,Luxemburg,#219100,#888888,1,0.0163624967532829
'Xavier Bettel',de,Luxemburg,#6618e9,#888888,1,0.0065401116853035
'WorldCup',de,Qatar,#4D0E00,#888888,1,1.4531688786780162e-05
'Gaston Vogel',de,Luxemburg,#f16188,#888888,1,6.220834560242552e-17
