keyword,language,topic,topicColor,keywordColor,limitPages,ratioNew
'SC Freiburg',de,Bundesliga,#EB0000,#888888,3,0.1845486714420578
'Die PARTEI',de,Deutschland,#1818e8,#888888,3,0.0334666824641387
'Die PARTEI',de,Freiburg,#181818,#888888,3,0.0334603975165135
'Martin Sonneborn',de,Deutschland,#e81818,#888888,1,0.0235196846781334
'Martin Horn',de,Freiburg,#18e818,#888888,1,0.0123002246906661
'Xavier Bettel',de,Luxemburg,#6618e9,#888888,1,0.009040550337689895
'WorldCup',de,Qatar,#4D0E00,#888888,1,0.0066022331765191
'Weinlese',de,Luxemburg,#219100,#888888,1,0.0061899161094754
'Gaston Vogel',de,Luxemburg,#f16188,#888888,1,1.0291380741264064e-07
