keyword,language,topic,topicColor,keywordColor,limitPages,ratioNew
'SC Freiburg',de,Bundesliga,#EB0000,#888888,3,0.0463797867417404
'Die PARTEI',de,Freiburg,#181818,#888888,3,0.0336213717514258
'Die PARTEI',de,Deutschland,#1818e8,#888888,3,0.0335493310205486
'Martin Sonneborn',de,Deutschland,#e81818,#888888,2,0.0287904901498627
'Martin Horn',de,Freiburg,#18e818,#888888,1,0.0116082494588266
'Weinlese',de,Luxemburg,#219100,#888888,1,0.0067632319773903
'Xavier Bettel',de,Luxemburg,#6618e9,#888888,1,0.0010004595011776
'WorldCup',de,Qatar,#4D0E00,#888888,1,0.0008390690467064099
'Gaston Vogel',de,Luxemburg,#f16188,#888888,1,2.6645735559780467e-06
