keyword,language,topic,topicColor,keywordColor,limitPages,ratioNew
'SC Freiburg',de,Bundesliga,#EB0000,#888888,3,0.1005545591036418
'Die PARTEI',de,Deutschland,#1818e8,#888888,3,0.0334361129879256
'Die PARTEI',de,Freiburg,#181818,#888888,3,0.03343346533934468
'Martin Sonneborn',de,Deutschland,#e81818,#888888,1,0.02589598064245
'Martin Horn',de,Freiburg,#18e818,#888888,1,0.008502300446461
'Xavier Bettel',de,Luxemburg,#6618e9,#888888,1,0.0081594603689808
'Weinlese',de,Luxemburg,#219100,#888888,1,0.0045732094057314
'WorldCup',de,Qatar,#4D0E00,#888888,1,0.0034464069821002
'Gaston Vogel',de,Luxemburg,#f16188,#888888,1,2.804303741563942e-08
