keyword,language,topic,topicColor,keywordColor,limitPages,ratioNew
'SC Freiburg',de,Bundesliga,#EB0000,#888888,3,0.1033066802390853
'Die PARTEI',de,Freiburg,#181818,#888888,3,0.0336830503366092
'Die PARTEI',de,Deutschland,#1818e8,#888888,3,0.0336546763839997
'Martin Sonneborn',de,Deutschland,#e81818,#888888,1,0.0221642452554203
'Martin Horn',de,Freiburg,#18e818,#888888,1,0.0089278280653165
'Weinlese',de,Luxemburg,#219100,#888888,1,0.0049252970131147
'WorldCup',de,Qatar,#4D0E00,#888888,1,0.0018918148903458
'Xavier Bettel',de,Luxemburg,#6618e9,#888888,1,0.0017680195751666
'Gaston Vogel',de,Luxemburg,#f16188,#888888,1,5.39115639446258e-08
