keyword,language,topic,topicColor,keywordColor,limitPages,ratioNew
'Die PARTEI',de,Deutschland,#1818e8,#888888,3,0.2511451927533413
'SC Freiburg',de,Bundesliga,#EB0000,#888888,3,0.1790040964951275
'Die PARTEI',de,Freiburg,#181818,#888888,3,0.1751556299473557
'Martin Sonneborn',de,Deutschland,#e81818,#888888,1,0.1459616376461392
'Weinlese',de,Luxemburg,#219100,#888888,1,0.1400401401286091
'Martin Horn',de,Freiburg,#18e818,#888888,2,0.13057006171465957
'WorldCup',de,Qatar,#4D0E00,#888888,1,0.0901720519265148
'Gaston Vogel',de,Luxemburg,#f16188,#888888,1,0.0536464098055559
'Xavier Bettel',de,Luxemburg,#6618e9,#888888,1,0.0476873722261161
