keyword,language,topic,topicColor,keywordColor,limitPages,ratioNew
'SC Freiburg',de,Bundesliga,#EB0000,#888888,3,0.1174890073337446
'Die PARTEI',de,Deutschland,#1818e8,#888888,3,0.03352966200284964
'Die PARTEI',de,Freiburg,#181818,#888888,3,0.0335233912407043
'Weinlese',de,Luxemburg,#219100,#888888,2,0.0265680449586046
'Martin Sonneborn',de,Deutschland,#e81818,#888888,1,0.0163731436987043
'Martin Horn',de,Freiburg,#18e818,#888888,1,0.00950398773069
'WorldCup',de,Qatar,#4D0E00,#888888,1,0.0035721419616154
'Xavier Bettel',de,Luxemburg,#6618e9,#888888,1,0.0012249340655873
'Gaston Vogel',de,Luxemburg,#f16188,#888888,1,5.3987176707479593e-14
