keyword,language,topic,topicColor,keywordColor,limitPages,ratioNew
'SC Freiburg',de,Bundesliga,#EB0000,#888888,3,0.0532025662138858
'Die PARTEI',de,Freiburg,#181818,#888888,3,0.0333728900722437
'Die PARTEI',de,Deutschland,#1818e8,#888888,3,0.0333704005632692
'Martin Horn',de,Freiburg,#18e818,#888888,1,0.0232554044043196
'Xavier Bettel',de,Luxemburg,#6618e9,#888888,1,0.0168550402834549
'Weinlese',de,Luxemburg,#219100,#888888,1,0.007859443087605
'Martin Sonneborn',de,Deutschland,#e81818,#888888,1,0.0038367546745386
'WorldCup',de,Qatar,#4D0E00,#888888,1,0.000868215564111265
'Gaston Vogel',de,Luxemburg,#f16188,#888888,1,4.1408702553446646e-14
