keyword,language,topic,topicColor,keywordColor,limitPages,ratioNew
'SC Freiburg',de,Bundesliga,#EB0000,#888888,4,0.5819925702912614
'Martin Sonneborn',de,Deutschland,#e81818,#888888,1,0.5224351003169687
'Gaston Vogel',de,Luxemburg,#f16188,#888888,1,0.5220062499999999
'Weinlese',de,Luxemburg,#219100,#888888,1,0.4835128820193854
'Die PARTEI',de,Freiburg,#181818,#888888,2,0.4623173735070624
'Die PARTEI',de,Deutschland,#1818e8,#888888,3,0.4623167965566248
'Martin Horn',de,Freiburg,#18e818,#888888,1,0.4577782539152499
'Xavier Bettel',de,Luxemburg,#6618e9,#888888,1,0.445930713767875
'WorldCup',de,Qatar,#4D0E00,#888888,1,0.445930713767875
