keyword,language,topic,topicColor,keywordColor,limitPages,ratioNew
'SC Freiburg',de,Bundesliga,#EB0000,#888888,3,0.06961777144857476
'Martin Sonneborn',de,Deutschland,#e81818,#888888,1,0.0498279587820931
'Die PARTEI',de,Deutschland,#1818e8,#888888,3,0.0334060724704678
'Die PARTEI',de,Freiburg,#181818,#888888,3,0.033402209007219
'Xavier Bettel',de,Luxemburg,#6618e9,#888888,1,0.0207108542300649
'Weinlese',de,Luxemburg,#219100,#888888,1,0.0193312719384333
'Martin Horn',de,Freiburg,#18e818,#888888,1,0.0147677215498623
'WorldCup',de,Qatar,#4D0E00,#888888,1,0.0009445828561372
'Gaston Vogel',de,Luxemburg,#f16188,#888888,1,0.0002678310653523
