keyword,language,topic,topicColor,keywordColor,limitPages,ratioNew
'SC Freiburg',de,Bundesliga,#EB0000,#888888,3,0.08547825441024974
'Die PARTEI',de,Freiburg,#181818,#888888,3,0.0334939824221807
'Die PARTEI',de,Deutschland,#1818e8,#888888,3,0.0334647522364971
'Martin Sonneborn',de,Deutschland,#e81818,#888888,1,0.0212614866281939
'Martin Horn',de,Freiburg,#18e818,#888888,1,0.0171023434368711
'Weinlese',de,Luxemburg,#219100,#888888,1,0.0077101906261458
'Xavier Bettel',de,Luxemburg,#6618e9,#888888,1,0.0010007886913283
'WorldCup',de,Qatar,#4D0E00,#888888,1,0.0001179766687744
'Gaston Vogel',de,Luxemburg,#f16188,#888888,1,3.05030894144856e-05
