keyword,language,topic,topicColor,keywordColor,limitPages,ratioNew
'SC Freiburg',de,Bundesliga,#EB0000,#888888,3,0.1371141648311614
'Weinlese',de,Luxemburg,#219100,#888888,3,0.05167683272579547
'Die PARTEI',de,Deutschland,#1818e8,#888888,3,0.0334142626830473
'Die PARTEI',de,Freiburg,#181818,#888888,3,0.033412054650021
'Martin Sonneborn',de,Deutschland,#e81818,#888888,1,0.0328804365000379
'Xavier Bettel',de,Luxemburg,#6618e9,#888888,1,0.0227982340881685
'Martin Horn',de,Freiburg,#18e818,#888888,1,0.011644023262223
'WorldCup',de,Qatar,#4D0E00,#888888,1,0.0018410911943728
'Gaston Vogel',de,Luxemburg,#f16188,#888888,1,2.6097846627316103e-09
