keyword,language,topic,topicColor,keywordColor,limitPages,ratioNew
'SC Freiburg',de,Bundesliga,#EB0000,#888888,3,0.10246248415775297
'Die PARTEI',de,Freiburg,#181818,#888888,3,0.0439587287154321
'Die PARTEI',de,Deutschland,#1818e8,#888888,3,0.0423615060100652
'Weinlese',de,Luxemburg,#219100,#888888,1,0.041906739482335
'Xavier Bettel',de,Luxemburg,#6618e9,#888888,1,0.040971292728457
'WorldCup',de,Qatar,#4D0E00,#888888,1,0.0381993666610963
'Martin Horn',de,Freiburg,#18e818,#888888,1,0.0372390550529508
'Martin Sonneborn',de,Deutschland,#e81818,#888888,1,0.0228089124961669
'Gaston Vogel',de,Luxemburg,#f16188,#888888,1,0.0002957646637124
