keyword,language,topic,topicColor,keywordColor,limitPages,ratioNew
'SC Freiburg',de,Bundesliga,#EB0000,#888888,3,0.12443813192448537
'Die PARTEI',de,Deutschland,#1818e8,#888888,3,0.0335097433369872
'Die PARTEI',de,Freiburg,#181818,#888888,3,0.033507443573535
'Weinlese',de,Luxemburg,#219100,#888888,1,0.0321637054843826
'Martin Sonneborn',de,Deutschland,#e81818,#888888,1,0.013403896965594
'Xavier Bettel',de,Luxemburg,#6618e9,#888888,1,0.0084651634162189
'Martin Horn',de,Freiburg,#18e818,#888888,1,0.0084484843502611
'WorldCup',de,Qatar,#4D0E00,#888888,1,0.0018281331196063
'Gaston Vogel',de,Luxemburg,#f16188,#888888,1,2.1474615912842126e-10
