keyword,language,topic,topicColor,keywordColor,limitPages,ratioNew
'SC Freiburg',de,Bundesliga,#EB0000,#888888,3,0.0447207372415155
'Weinlese',de,Luxemburg,#219100,#888888,1,0.0373698628244963
'Die PARTEI',de,Freiburg,#181818,#888888,3,0.0335260153711525
'Die PARTEI',de,Deutschland,#1818e8,#888888,3,0.033446292291093555
'Martin Horn',de,Freiburg,#18e818,#888888,1,0.0165385630321671
'Xavier Bettel',de,Luxemburg,#6618e9,#888888,1,0.0111103783649811
'Martin Sonneborn',de,Deutschland,#e81818,#888888,1,0.0015235208450859
'WorldCup',de,Qatar,#4D0E00,#888888,1,0.0004410813025006
'Gaston Vogel',de,Luxemburg,#f16188,#888888,1,8.378105796950723e-16
