keyword,language,topic,topicColor,keywordColor,limitPages,ratioNew
'SC Freiburg',de,Bundesliga,#EB0000,#888888,3,0.08266253501218705
'Die PARTEI',de,Deutschland,#1818e8,#888888,3,0.0335422294312842
'Die PARTEI',de,Freiburg,#181818,#888888,3,0.0335372477688339
'Weinlese',de,Luxemburg,#219100,#888888,1,0.0152260058607373
'Martin Sonneborn',de,Deutschland,#e81818,#888888,1,0.0150052564674849
'Xavier Bettel',de,Luxemburg,#6618e9,#888888,1,0.0109482462508222
'Martin Horn',de,Freiburg,#18e818,#888888,1,0.0084484843502611
'WorldCup',de,Qatar,#4D0E00,#888888,1,0.0023484136488605
'Gaston Vogel',de,Luxemburg,#f16188,#888888,1,5.693926419938547e-10
