keyword,language,topic,topicColor,keywordColor,limitPages,ratioNew
'SC Freiburg',de,Bundesliga,#EB0000,#888888,3,0.09568551316283555
'Weinlese',de,Luxemburg,#219100,#888888,1,0.0522520786916658
'Die PARTEI',de,Deutschland,#1818e8,#888888,3,0.0334023856738372
'Die PARTEI',de,Freiburg,#181818,#888888,3,0.0333976761345592
'Martin Sonneborn',de,Deutschland,#e81818,#888888,1,0.0233119000444197
'Martin Horn',de,Freiburg,#18e818,#888888,1,0.016214417024031
'Xavier Bettel',de,Luxemburg,#6618e9,#888888,1,0.0113850010549784
'WorldCup',de,Qatar,#4D0E00,#888888,1,0.0008749783431285
'Gaston Vogel',de,Luxemburg,#f16188,#888888,1,0.0005130801888913
