keyword,language,topic,topicColor,keywordColor,limitPages,ratioNew
'SC Freiburg',de,Bundesliga,#EB0000,#888888,3,0.1287636682447788
'Die PARTEI',de,Deutschland,#1818e8,#888888,3,0.0334580898385022
'Die PARTEI',de,Freiburg,#181818,#888888,3,0.0334484745460683
'Weinlese',de,Luxemburg,#219100,#888888,1,0.0311115319426853
'Martin Sonneborn',de,Deutschland,#e81818,#888888,1,0.0294953451603736
'Martin Horn',de,Freiburg,#18e818,#888888,1,0.0157114475416887
'Xavier Bettel',de,Luxemburg,#6618e9,#888888,1,0.0040578105125158
'WorldCup',de,Qatar,#4D0E00,#888888,1,0.0009723058646525
'Gaston Vogel',de,Luxemburg,#f16188,#888888,1,0.00027752775
