keyword,language,topic,topicColor,keywordColor,limitPages,ratioNew
'SC Freiburg',de,Bundesliga,#EB0000,#888888,3,0.0776131762487122
'Die PARTEI',de,Freiburg,#181818,#888888,3,0.03351670930002547
'Die PARTEI',de,Deutschland,#1818e8,#888888,3,0.0334755144010225
'Martin Sonneborn',de,Deutschland,#e81818,#888888,1,0.0212614866281939
'Martin Horn',de,Freiburg,#18e818,#888888,1,0.0171023434368711
'Weinlese',de,Luxemburg,#219100,#888888,1,0.0077101906261458
'Xavier Bettel',de,Luxemburg,#6618e9,#888888,1,0.001000685387629
'WorldCup',de,Qatar,#4D0E00,#888888,1,0.0001179766687744
'Gaston Vogel',de,Luxemburg,#f16188,#888888,1,1.873270978667097e-05
