keyword,language,topic,topicColor,keywordColor,limitPages,ratioNew
'SC Freiburg',de,Bundesliga,#EB0000,#888888,3,0.0989359671155894
'Weinlese',de,Luxemburg,#219100,#888888,2,0.03390167886971181
'Die PARTEI',de,Freiburg,#181818,#888888,3,0.0335630413591221
'Die PARTEI',de,Deutschland,#1818e8,#888888,3,0.0335416271919025
'Martin Sonneborn',de,Deutschland,#e81818,#888888,1,0.0152934075821178
'Martin Horn',de,Freiburg,#18e818,#888888,2,0.0132564238787339
'Xavier Bettel',de,Luxemburg,#6618e9,#888888,1,0.0028637524397962
'WorldCup',de,Qatar,#4D0E00,#888888,1,0.0012011453114245
'Gaston Vogel',de,Luxemburg,#f16188,#888888,1,7.074941365515381e-12
