keyword,language,topic,topicColor,keywordColor,limitPages,ratioNew
'SC Freiburg',de,Bundesliga,#EB0000,#888888,3,0.0930312829712898
'Martin Sonneborn',de,Deutschland,#e81818,#888888,1,0.0554074075272394
'Die PARTEI',de,Freiburg,#181818,#888888,3,0.03344785103391291
'Die PARTEI',de,Deutschland,#1818e8,#888888,3,0.0334411172822222
'Weinlese',de,Luxemburg,#219100,#888888,1,0.017896264444315
'Martin Horn',de,Freiburg,#18e818,#888888,1,0.0112324598404669
'Xavier Bettel',de,Luxemburg,#6618e9,#888888,1,0.0024188732904589
'Gaston Vogel',de,Luxemburg,#f16188,#888888,1,0.001937396462087
'WorldCup',de,Qatar,#4D0E00,#888888,1,0.0008765487250582
