keyword,language,topic,topicColor,keywordColor,limitPages,ratioNew
'SC Freiburg',de,Bundesliga,#EB0000,#888888,3,0.09478816858058368
'Weinlese',de,Luxemburg,#219100,#888888,2,0.0408645685212464
'Die PARTEI',de,Deutschland,#1818e8,#888888,3,0.0335323376358513
'Die PARTEI',de,Freiburg,#181818,#888888,3,0.0335270747696359
'Martin Sonneborn',de,Deutschland,#e81818,#888888,2,0.0160674538076416
'Martin Horn',de,Freiburg,#18e818,#888888,1,0.0123286382311974
'Xavier Bettel',de,Luxemburg,#6618e9,#888888,1,0.0031926322821132
'WorldCup',de,Qatar,#4D0E00,#888888,1,0.0004234266105622
'Gaston Vogel',de,Luxemburg,#f16188,#888888,1,1.8758983035656347e-11
