keyword,language,topic,topicColor,keywordColor,limitPages,ratioNew
'SC Freiburg',de,Bundesliga,#EB0000,#888888,3,0.0853933525337847
'Die PARTEI',de,Freiburg,#181818,#888888,3,0.03365959097547
'Die PARTEI',de,Deutschland,#1818e8,#888888,3,0.0336535617666751
'Weinlese',de,Luxemburg,#219100,#888888,1,0.0205229735086419
'Martin Sonneborn',de,Deutschland,#e81818,#888888,1,0.0171237781970411
'Xavier Bettel',de,Luxemburg,#6618e9,#888888,2,0.0087706433930578
'Martin Horn',de,Freiburg,#18e818,#888888,1,0.0081380245271911
'WorldCup',de,Qatar,#4D0E00,#888888,1,0.0025084592680191
'Gaston Vogel',de,Luxemburg,#f16188,#888888,1,9.021735982873738e-09
