keyword,language,topic,topicColor,keywordColor,limitPages,ratioNew
'SC Freiburg',de,Bundesliga,#EB0000,#888888,3,0.1306394574829553
'Die PARTEI',de,Deutschland,#1818e8,#888888,3,0.033591789673928
'Die PARTEI',de,Freiburg,#181818,#888888,3,0.0334729519111474
'Martin Sonneborn',de,Deutschland,#e81818,#888888,1,0.033464988423969
'Martin Horn',de,Freiburg,#18e818,#888888,2,0.016929923216637
'Weinlese',de,Luxemburg,#219100,#888888,1,0.0081560556941329
'Xavier Bettel',de,Luxemburg,#6618e9,#888888,1,0.0051741868512369
'WorldCup',de,Qatar,#4D0E00,#888888,1,0.00092640473009831
'Gaston Vogel',de,Luxemburg,#f16188,#888888,1,6.3931311196243096e-18
