keyword,language,topic,topicColor,keywordColor,limitPages,ratioNew
'SC Freiburg',de,Bundesliga,#EB0000,#888888,3,0.0884148823195509
'Die PARTEI',de,Deutschland,#1818e8,#888888,3,0.0335200099128909
'Die PARTEI',de,Freiburg,#181818,#888888,3,0.0335158195962537
'Weinlese',de,Luxemburg,#219100,#888888,1,0.0173415669873914
'Martin Horn',de,Freiburg,#18e818,#888888,1,0.0097757718638527
'Martin Sonneborn',de,Deutschland,#e81818,#888888,1,0.0090435319905223
'Xavier Bettel',de,Luxemburg,#6618e9,#888888,1,0.0052059170710823
'WorldCup',de,Qatar,#4D0E00,#888888,1,0.0007611020140744349
'Gaston Vogel',de,Luxemburg,#f16188,#888888,1,2.1504734776432567e-16
