keyword,language,topic,topicColor,keywordColor,limitPages,ratioNew
'SC Freiburg',de,Bundesliga,#EB0000,#888888,3,0.0813702493747869
'Die PARTEI',de,Freiburg,#181818,#888888,3,0.0334459679733914
'Die PARTEI',de,Deutschland,#1818e8,#888888,3,0.0334446922924763
'Martin Horn',de,Freiburg,#18e818,#888888,1,0.0166902386174794
'Weinlese',de,Luxemburg,#219100,#888888,1,0.0118076305886316
'Martin Sonneborn',de,Deutschland,#e81818,#888888,1,0.0100348071336794
'Xavier Bettel',de,Luxemburg,#6618e9,#888888,1,0.0089880544887115
'WorldCup',de,Qatar,#4D0E00,#888888,1,0.0009099620253727
'Gaston Vogel',de,Luxemburg,#f16188,#888888,1,2.210034486323289e-17
