keyword,language,topic,topicColor,keywordColor,limitPages,ratioNew
'SC Freiburg',de,Bundesliga,#EB0000,#888888,3,0.05704793313637658
'Die PARTEI',de,Deutschland,#1818e8,#888888,3,0.0335369695239998
'Die PARTEI',de,Freiburg,#181818,#888888,3,0.0335317966714088
'Weinlese',de,Luxemburg,#219100,#888888,2,0.0291677898630265
'Martin Sonneborn',de,Deutschland,#e81818,#888888,1,0.0108269840489667
'Martin Horn',de,Freiburg,#18e818,#888888,1,0.0092143658854235
'WorldCup',de,Qatar,#4D0E00,#888888,1,0.0022930271494136
'Xavier Bettel',de,Luxemburg,#6618e9,#888888,1,0.0012249340655873
'Gaston Vogel',de,Luxemburg,#f16188,#888888,1,1.7307051913409122e-14
