keyword,language,topic,topicColor,keywordColor,limitPages,ratioNew
'SC Freiburg',de,Bundesliga,#EB0000,#888888,3,0.11978765261548668
'Die PARTEI',de,Deutschland,#1818e8,#888888,3,0.0351852679325711
'Die PARTEI',de,Freiburg,#181818,#888888,3,0.0335419724072016
'Martin Sonneborn',de,Deutschland,#e81818,#888888,1,0.0307094957626569
'Weinlese',de,Luxemburg,#219100,#888888,1,0.0185440432391564
'Martin Horn',de,Freiburg,#18e818,#888888,1,0.0166304727205197
'Xavier Bettel',de,Luxemburg,#6618e9,#888888,1,0.0065401116853035
'WorldCup',de,Qatar,#4D0E00,#888888,1,1.7096104455035486e-05
'Gaston Vogel',de,Luxemburg,#f16188,#888888,1,6.220834560242552e-17
