keyword,language,topic,topicColor,keywordColor,limitPages,ratioNew
'SC Freiburg',de,Bundesliga,#EB0000,#888888,3,0.0928182108389849
'Die PARTEI',de,Freiburg,#181818,#888888,3,0.0334105920233868
'Die PARTEI',de,Deutschland,#1818e8,#888888,3,0.0334081226899704
'Weinlese',de,Luxemburg,#219100,#888888,1,0.0319065715727534
'Martin Sonneborn',de,Deutschland,#e81818,#888888,1,0.020882140177784
'Martin Horn',de,Freiburg,#18e818,#888888,1,0.0195584651302603
'Xavier Bettel',de,Luxemburg,#6618e9,#888888,1,0.0126568176022523
'WorldCup',de,Qatar,#4D0E00,#888888,1,0.0009482612608429
'Gaston Vogel',de,Luxemburg,#f16188,#888888,1,5.673868531206091e-10
