keyword,language,topic,topicColor,keywordColor,limitPages,ratioNew
'SC Freiburg',de,Bundesliga,#EB0000,#888888,3,0.0932023465446916
'Martin Sonneborn',de,Deutschland,#e81818,#888888,1,0.05242860985622435
'Die PARTEI',de,Freiburg,#181818,#888888,3,0.0367381473383222
'Die PARTEI',de,Deutschland,#1818e8,#888888,3,0.0357972821806071
'Martin Horn',de,Freiburg,#18e818,#888888,1,0.0211680613482495
'Weinlese',de,Luxemburg,#219100,#888888,1,0.0204554471646779
'WorldCup',de,Qatar,#4D0E00,#888888,1,0.0204183496925088
'Xavier Bettel',de,Luxemburg,#6618e9,#888888,1,0.0138705266646037
'Gaston Vogel',de,Luxemburg,#f16188,#888888,1,2.196084755082633e-05
