keyword,language,topic,topicColor,keywordColor,limitPages,ratioNew
'SC Freiburg',de,Bundesliga,#EB0000,#888888,3,0.11286047474168433
'Die PARTEI',de,Freiburg,#181818,#888888,3,0.0335053737372458
'Die PARTEI',de,Deutschland,#1818e8,#888888,3,0.0334573740275679
'Xavier Bettel',de,Luxemburg,#6618e9,#888888,1,0.0284210417477122
'Weinlese',de,Luxemburg,#219100,#888888,1,0.0230405058236927
'Martin Horn',de,Freiburg,#18e818,#888888,1,0.0144590656284232
'Martin Sonneborn',de,Deutschland,#e81818,#888888,1,0.0071735285021276
'WorldCup',de,Qatar,#4D0E00,#888888,1,0.0008347039706927
'Gaston Vogel',de,Luxemburg,#f16188,#888888,1,3.3325803466538045e-12
