keyword,language,topic,topicColor,keywordColor,limitPages,ratioNew
'SC Freiburg',de,Bundesliga,#EB0000,#888888,3,0.0994128208088679
'Die PARTEI',de,Deutschland,#1818e8,#888888,3,0.033404105979502
'Die PARTEI',de,Freiburg,#181818,#888888,3,0.0333973493211893
'Weinlese',de,Luxemburg,#219100,#888888,1,0.030264844884804
'Martin Sonneborn',de,Deutschland,#e81818,#888888,1,0.0233119000444197
'Martin Horn',de,Freiburg,#18e818,#888888,1,0.0170955443239184
'Xavier Bettel',de,Luxemburg,#6618e9,#888888,1,0.0113850010549784
'Gaston Vogel',de,Luxemburg,#f16188,#888888,1,0.0009798652597782249
'WorldCup',de,Qatar,#4D0E00,#888888,1,0.0008528980507395
