keyword,language,topic,topicColor,keywordColor,limitPages,ratioNew
'SC Freiburg',de,Bundesliga,#EB0000,#888888,3,0.09161518834292
'Weinlese',de,Luxemburg,#219100,#888888,1,0.0496124680630588
'Die PARTEI',de,Deutschland,#1818e8,#888888,3,0.0335244560421781
'Die PARTEI',de,Freiburg,#181818,#888888,3,0.0335222879642776
'Martin Sonneborn',de,Deutschland,#e81818,#888888,2,0.0160674538076416
'Martin Horn',de,Freiburg,#18e818,#888888,1,0.0083813316977219
'Xavier Bettel',de,Luxemburg,#6618e9,#888888,1,0.0051986684829853
'WorldCup',de,Qatar,#4D0E00,#888888,1,0.0008111523771263
'Gaston Vogel',de,Luxemburg,#f16188,#888888,1,5.851629365102553e-11
