keyword,language,topic,topicColor,keywordColor,limitPages,ratioNew
'SC Freiburg',de,Bundesliga,#EB0000,#888888,3,0.1165998989751084
'Die PARTEI',de,Deutschland,#1818e8,#888888,3,0.0334361129879256
'Die PARTEI',de,Freiburg,#181818,#888888,3,0.0334334653393446
'Martin Sonneborn',de,Deutschland,#e81818,#888888,1,0.02589598064245
'Martin Horn',de,Freiburg,#18e818,#888888,1,0.008502300446461
'Xavier Bettel',de,Luxemburg,#6618e9,#888888,1,0.0081594603689808
'Weinlese',de,Luxemburg,#219100,#888888,1,0.0041872579948716
'WorldCup',de,Qatar,#4D0E00,#888888,1,0.00292944593478517
'Gaston Vogel',de,Luxemburg,#f16188,#888888,1,2.3836581803293508e-08
