keyword,language,topic,topicColor,keywordColor,limitPages,ratioNew
'SC Freiburg',de,Bundesliga,#EB0000,#888888,3,0.0563666354236624
'Die PARTEI',de,Deutschland,#1818e8,#888888,3,0.0335081434259572
'Die PARTEI',de,Freiburg,#181818,#888888,3,0.03349695015829326
'Martin Horn',de,Freiburg,#18e818,#888888,2,0.0178053856297293
'Weinlese',de,Luxemburg,#219100,#888888,1,0.0133618653983902
'Martin Sonneborn',de,Deutschland,#e81818,#888888,1,0.0090435319905223
'Xavier Bettel',de,Luxemburg,#6618e9,#888888,1,0.0079241913338569
'WorldCup',de,Qatar,#4D0E00,#888888,1,0.0008274239551687
'Gaston Vogel',de,Luxemburg,#f16188,#888888,1,1.5537170875972526e-16
