keyword,language,topic,topicColor,keywordColor,limitPages,ratioNew
'SC Freiburg',de,Bundesliga,#EB0000,#888888,3,0.0450303578441651
'Die PARTEI',de,Freiburg,#181818,#888888,3,0.0336007068903158
'Die PARTEI',de,Deutschland,#1818e8,#888888,3,0.0335164716547387
'Martin Sonneborn',de,Deutschland,#e81818,#888888,2,0.0322491534905153
'Martin Horn',de,Freiburg,#18e818,#888888,1,0.01513172063313934
'Weinlese',de,Luxemburg,#219100,#888888,1,0.0076037670322239
'Xavier Bettel',de,Luxemburg,#6618e9,#888888,1,0.0010005229425619
'WorldCup',de,Qatar,#4D0E00,#888888,1,3.782061696080352e-05
'Gaston Vogel',de,Luxemburg,#f16188,#888888,1,7.065032422386654e-06
