keyword,language,topic,topicColor,keywordColor,limitPages,ratioNew
'SC Freiburg',de,Bundesliga,#EB0000,#888888,3,0.0989359671155894
'Die PARTEI',de,Deutschland,#1818e8,#888888,3,0.0335416271919025
'Die PARTEI',de,Freiburg,#181818,#888888,3,0.0335396015210619
'Weinlese',de,Luxemburg,#219100,#888888,2,0.0287123933226556
'Martin Sonneborn',de,Deutschland,#e81818,#888888,2,0.017991873626021
'Martin Horn',de,Freiburg,#18e818,#888888,1,0.01171305162204
'Xavier Bettel',de,Luxemburg,#6618e9,#888888,1,0.0028637524397962
'WorldCup',de,Qatar,#4D0E00,#888888,1,0.0010601356604995
'Gaston Vogel',de,Luxemburg,#f16188,#888888,1,8.323460430018096e-12
