keyword,language,topic,topicColor,keywordColor,limitPages,ratioNew
'Gaston Vogel',de,Luxemburg,#f16188,#888888,1,0.4437053124999999
'SC Freiburg',de,Bundesliga,#EB0000,#888888,4,0.4296668690354364
'Weinlese',de,Luxemburg,#219100,#888888,1,0.4123360847164776
'Die PARTEI',de,Deutschland,#1818e8,#888888,4,0.397984152073131
'Martin Horn',de,Freiburg,#18e818,#888888,1,0.3916617708279624
'Xavier Bettel',de,Luxemburg,#6618e9,#888888,1,0.3794911517026937
'Martin Sonneborn',de,Deutschland,#e81818,#888888,1,0.3780144154790099
'Die PARTEI',de,Freiburg,#181818,#888888,4,0.3433053071088525
'WorldCup',de,Qatar,#4D0E00,#888888,1,0.3232950516972896
