keyword,language,topic,topicColor,keywordColor,limitPages,ratioNew
'SC Freiburg',de,Bundesliga,#EB0000,#888888,3,0.2207471464566522
'Die PARTEI',de,Deutschland,#1818e8,#888888,3,0.0338226058354963
'Die PARTEI',de,Freiburg,#181818,#888888,3,0.0334849081307617
'Martin Sonneborn',de,Deutschland,#e81818,#888888,1,0.027161880275138
'Martin Horn',de,Freiburg,#18e818,#888888,2,0.0158583273136906
'Weinlese',de,Luxemburg,#219100,#888888,1,0.009242383169568245
'Xavier Bettel',de,Luxemburg,#6618e9,#888888,1,0.0051741868512369
'WorldCup',de,Qatar,#4D0E00,#888888,1,0.0006257736869972
'Gaston Vogel',de,Luxemburg,#f16188,#888888,1,1.0410146337674433e-17
