keyword,language,topic,topicColor,keywordColor,limitPages,ratioNew
'SC Freiburg',de,Bundesliga,#EB0000,#888888,3,0.09472829305188599
'Die PARTEI',de,Freiburg,#181818,#888888,3,0.0334038836032362
'Die PARTEI',de,Deutschland,#1818e8,#888888,3,0.0333907102219544
'Weinlese',de,Luxemburg,#219100,#888888,1,0.0262203729389961
'Xavier Bettel',de,Luxemburg,#6618e9,#888888,1,0.0163195559757302
'Martin Horn',de,Freiburg,#18e818,#888888,1,0.0131561260279988
'Martin Sonneborn',de,Deutschland,#e81818,#888888,1,0.012759900287155
'WorldCup',de,Qatar,#4D0E00,#888888,1,0.0012803910501124
'Gaston Vogel',de,Luxemburg,#f16188,#888888,1,1.4368175090527182e-05
