keyword,language,topic,topicColor,keywordColor,limitPages,ratioNew
'SC Freiburg',de,Bundesliga,#EB0000,#888888,3,0.0608287538625314
'Weinlese',de,Luxemburg,#219100,#888888,3,0.047809694177807
'Die PARTEI',de,Freiburg,#181818,#888888,3,0.0367232301085349
'Die PARTEI',de,Deutschland,#1818e8,#888888,3,0.0334239132805902
'Xavier Bettel',de,Luxemburg,#6618e9,#888888,2,0.0288283581343964
'Martin Sonneborn',de,Deutschland,#e81818,#888888,1,0.0249095447030857
'Martin Horn',de,Freiburg,#18e818,#888888,1,0.0124452901734126
'WorldCup',de,Qatar,#4D0E00,#888888,1,0.0013732522607087
'Gaston Vogel',de,Luxemburg,#f16188,#888888,1,1.157975319335036e-09
