keyword,language,topic,topicColor,keywordColor,limitPages,ratioNew
'SC Freiburg',de,Bundesliga,#EB0000,#888888,3,0.1007089760889396
'Die PARTEI',de,Deutschland,#1818e8,#888888,3,0.0333893633572949
'Die PARTEI',de,Freiburg,#181818,#888888,3,0.0333835814919638
'Martin Sonneborn',de,Deutschland,#e81818,#888888,1,0.0311443862206503
'Martin Horn',de,Freiburg,#18e818,#888888,2,0.0201544745148277
'Xavier Bettel',de,Luxemburg,#6618e9,#888888,1,0.0186082044703315
'Weinlese',de,Luxemburg,#219100,#888888,1,0.0047231800171161
'WorldCup',de,Qatar,#4D0E00,#888888,1,0.0010446713541235
'Gaston Vogel',de,Luxemburg,#f16188,#888888,1,0.0007275822329582
