keyword,language,topic,topicColor,keywordColor,limitPages,ratioNew
'SC Freiburg',de,Bundesliga,#EB0000,#888888,3,0.1447808596944146
'Weinlese',de,Luxemburg,#219100,#888888,3,0.0549714032068182
'Martin Sonneborn',de,Deutschland,#e81818,#888888,1,0.0405156757785993
'Die PARTEI',de,Deutschland,#1818e8,#888888,3,0.0334142626830473
'Die PARTEI',de,Freiburg,#181818,#888888,3,0.033412054650021
'Xavier Bettel',de,Luxemburg,#6618e9,#888888,1,0.0227982340881685
'Martin Horn',de,Freiburg,#18e818,#888888,1,0.011644023262223
'WorldCup',de,Qatar,#4D0E00,#888888,1,0.0017799801998241
'Gaston Vogel',de,Luxemburg,#f16188,#888888,1,2.6097846627316103e-09
