keyword,language,topic,topicColor,keywordColor,limitPages,ratioNew
'SC Freiburg',de,Bundesliga,#EB0000,#888888,3,0.1979905266470809
'Martin Sonneborn',de,Deutschland,#e81818,#888888,1,0.04589182197641339
'Die PARTEI',de,Deutschland,#1818e8,#888888,3,0.0334555400945178
'Die PARTEI',de,Freiburg,#181818,#888888,3,0.0334504078890364
'Martin Horn',de,Freiburg,#18e818,#888888,1,0.0111071343390061
'Xavier Bettel',de,Luxemburg,#6618e9,#888888,1,0.0078344827870363
'WorldCup',de,Qatar,#4D0E00,#888888,1,0.0066022331765191
'Weinlese',de,Luxemburg,#219100,#888888,1,0.0061899161094754
'Gaston Vogel',de,Luxemburg,#f16188,#888888,1,7.43552258556329e-08
