keyword,language,topic,topicColor,keywordColor,limitPages,ratioNew
'SC Freiburg',de,Bundesliga,#EB0000,#888888,3,0.1329666619887388
'Die PARTEI',de,Freiburg,#181818,#888888,3,0.0335224162501099
'Die PARTEI',de,Deutschland,#1818e8,#888888,3,0.0335215914088111
'Weinlese',de,Luxemburg,#219100,#888888,2,0.026138364657182
'Martin Sonneborn',de,Deutschland,#e81818,#888888,1,0.0215094262265805
'Martin Horn',de,Freiburg,#18e818,#888888,1,0.009503987730690035
'WorldCup',de,Qatar,#4D0E00,#888888,1,0.0035721419616154
'Xavier Bettel',de,Luxemburg,#6618e9,#888888,1,0.001441098900691
'Gaston Vogel',de,Luxemburg,#f16188,#888888,1,1.216734963196538e-13
