keyword,language,topic,topicColor,keywordColor,limitPages,ratioNew
'SC Freiburg',de,Bundesliga,#EB0000,#888888,3,0.14631215414278276
'Martin Sonneborn',de,Deutschland,#e81818,#888888,1,0.0442872849028052
'Die PARTEI',de,Deutschland,#1818e8,#888888,3,0.0345049747690901
'Die PARTEI',de,Freiburg,#181818,#888888,3,0.0335092538142031
'Martin Horn',de,Freiburg,#18e818,#888888,1,0.0169861868124417
'Weinlese',de,Luxemburg,#219100,#888888,1,0.0142081522402904
'Xavier Bettel',de,Luxemburg,#6618e9,#888888,1,0.0065401116853035
'WorldCup',de,Qatar,#4D0E00,#888888,1,7.58563236975416e-06
'Gaston Vogel',de,Luxemburg,#f16188,#888888,1,2.3461847411787377e-17
