keyword,language,topic,topicColor,keywordColor,limitPages,ratioNew
'SC Freiburg',de,Bundesliga,#EB0000,#888888,3,0.0760747899394997
'Martin Sonneborn',de,Deutschland,#e81818,#888888,1,0.049827958782093194
'Die PARTEI',de,Deutschland,#1818e8,#888888,3,0.0334060724704678
'Die PARTEI',de,Freiburg,#181818,#888888,3,0.033402209007219
'Weinlese',de,Luxemburg,#219100,#888888,1,0.0215072552216863
'Xavier Bettel',de,Luxemburg,#6618e9,#888888,1,0.0207108542300649
'Martin Horn',de,Freiburg,#18e818,#888888,1,0.0147677215498623
'WorldCup',de,Qatar,#4D0E00,#888888,1,0.0009347857131026
'Gaston Vogel',de,Luxemburg,#f16188,#888888,1,0.0002678310653523
