keyword,language,topic,topicColor,keywordColor,limitPages,ratioNew
'SC Freiburg',de,Bundesliga,#EB0000,#888888,3,0.08445696335320954
'Weinlese',de,Luxemburg,#219100,#888888,2,0.0768203603915895
'Martin Sonneborn',de,Deutschland,#e81818,#888888,1,0.060744186690382
'Die PARTEI',de,Freiburg,#181818,#888888,3,0.0335969009382612
'Die PARTEI',de,Deutschland,#1818e8,#888888,3,0.0335696823961495
'Martin Horn',de,Freiburg,#18e818,#888888,2,0.0133805188517232
'Xavier Bettel',de,Luxemburg,#6618e9,#888888,1,0.0028637524397962
'WorldCup',de,Qatar,#4D0E00,#888888,1,0.0026349434885503
'Gaston Vogel',de,Luxemburg,#f16188,#888888,1,2.268064102717492e-12
