keyword,language,topic,topicColor,keywordColor,limitPages,ratioNew
'Martin Sonneborn',de,Deutschland,#e81818,#888888,1,0.0864833270605745
'SC Freiburg',de,Bundesliga,#EB0000,#888888,3,0.0862670831846164
'Die PARTEI',de,Freiburg,#181818,#888888,3,0.0335640742825431
'Die PARTEI',de,Deutschland,#1818e8,#888888,3,0.0335160845559024
'Weinlese',de,Luxemburg,#219100,#888888,1,0.0276822941406985
'Martin Horn',de,Freiburg,#18e818,#888888,1,0.0161120280407406
'Xavier Bettel',de,Luxemburg,#6618e9,#888888,1,0.009692414868698814
'WorldCup',de,Qatar,#4D0E00,#888888,1,0.0001663535995892
'Gaston Vogel',de,Luxemburg,#f16188,#888888,1,6.053181438296897e-16
