keyword,language,topic,topicColor,keywordColor,limitPages,ratioNew
'SC Freiburg',de,Bundesliga,#EB0000,#888888,3,0.0680936198471954
'Die PARTEI',de,Freiburg,#181818,#888888,3,0.0334939824221807
'Die PARTEI',de,Deutschland,#1818e8,#888888,3,0.0334647522364971
'Martin Sonneborn',de,Deutschland,#e81818,#888888,1,0.0212614866281939
'Martin Horn',de,Freiburg,#18e818,#888888,1,0.0178260569845543
'Weinlese',de,Luxemburg,#219100,#888888,1,0.0077101906261458
'Xavier Bettel',de,Luxemburg,#6618e9,#888888,1,0.0011773984603863
'WorldCup',de,Qatar,#4D0E00,#888888,1,0.0001179766687744
'Gaston Vogel',de,Luxemburg,#f16188,#888888,1,3.588598754645365e-05
