keyword,language,topic,topicColor,keywordColor,limitPages,ratioNew
'SC Freiburg',de,Bundesliga,#EB0000,#888888,3,0.0801076512021066
'Die PARTEI',de,Freiburg,#181818,#888888,3,0.0334758223198819
'Die PARTEI',de,Deutschland,#1818e8,#888888,3,0.0334574394276778
'Martin Sonneborn',de,Deutschland,#e81818,#888888,1,0.0269675521594696
'Martin Horn',de,Freiburg,#18e818,#888888,1,0.0208378751995266
'Weinlese',de,Luxemburg,#219100,#888888,1,0.0090373787441364
'Xavier Bettel',de,Luxemburg,#6618e9,#888888,1,0.0016296172462095
'WorldCup',de,Qatar,#4D0E00,#888888,1,0.00097577591634
'Gaston Vogel',de,Luxemburg,#f16188,#888888,1,0.000296810231596425
