keyword,language,topic,topicColor,keywordColor,limitPages,ratioNew
'SC Freiburg',de,Bundesliga,#EB0000,#888888,3,0.1526186967930036
'Die PARTEI',de,Freiburg,#181818,#888888,3,0.0334398574723699
'Die PARTEI',de,Deutschland,#1818e8,#888888,3,0.033436489797853
'Martin Horn',de,Freiburg,#18e818,#888888,1,0.026521882480947
'Xavier Bettel',de,Luxemburg,#6618e9,#888888,1,0.0217922896656816
'Weinlese',de,Luxemburg,#219100,#888888,1,0.0133355626048157
'Martin Sonneborn',de,Deutschland,#e81818,#888888,1,0.004513829028869
'WorldCup',de,Qatar,#4D0E00,#888888,1,0.0001187297594796
'Gaston Vogel',de,Luxemburg,#f16188,#888888,1,1.519638253385527e-13
