keyword,language,topic,topicColor,keywordColor,limitPages,ratioNew
'SC Freiburg',de,Bundesliga,#EB0000,#888888,3,0.0820269971087915
'Die PARTEI',de,Deutschland,#1818e8,#888888,3,0.0335176718143272
'Die PARTEI',de,Freiburg,#181818,#888888,3,0.0335122976050325
'Weinlese',de,Luxemburg,#219100,#888888,1,0.0331230099548364
'Martin Sonneborn',de,Deutschland,#e81818,#888888,2,0.0148436574207549
'Martin Horn',de,Freiburg,#18e818,#888888,1,0.0083813316977219
'Xavier Bettel',de,Luxemburg,#6618e9,#888888,1,0.0061160805682181
'WorldCup',de,Qatar,#4D0E00,#888888,1,0.0009542969142663
'Gaston Vogel',de,Luxemburg,#f16188,#888888,1,8.099140989761321e-11
