keyword,language,topic,topicColor,keywordColor,limitPages,ratioNew
'SC Freiburg',de,Bundesliga,#EB0000,#888888,3,0.0839340830558789
'Weinlese',de,Luxemburg,#219100,#888888,3,0.047809694177807
'Die PARTEI',de,Freiburg,#181818,#888888,3,0.0362398355922546
'Die PARTEI',de,Deutschland,#1818e8,#888888,3,0.0334239132805902
'Martin Sonneborn',de,Deutschland,#e81818,#888888,1,0.0249095447030857
'Xavier Bettel',de,Luxemburg,#6618e9,#888888,1,0.02450453941423694
'Martin Horn',de,Freiburg,#18e818,#888888,1,0.0134321661502905
'WorldCup',de,Qatar,#4D0E00,#888888,1,0.0012697025083619
'Gaston Vogel',de,Luxemburg,#f16188,#888888,1,6.044703540386344e-10
