keyword,language,topic,topicColor,keywordColor,limitPages,ratioNew
'SC Freiburg',de,Bundesliga,#EB0000,#888888,3,0.13921287504300472
'Die PARTEI',de,Deutschland,#1818e8,#888888,3,0.0333825283430562
'Die PARTEI',de,Freiburg,#181818,#888888,3,0.0333803975831403
'Weinlese',de,Luxemburg,#219100,#888888,1,0.0277206458368403
'Martin Horn',de,Freiburg,#18e818,#888888,1,0.019531531056613
'Martin Sonneborn',de,Deutschland,#e81818,#888888,1,0.0187999241511164
'Xavier Bettel',de,Luxemburg,#6618e9,#888888,1,0.0145474008610417
'WorldCup',de,Qatar,#4D0E00,#888888,1,0.0009560370717164
'Gaston Vogel',de,Luxemburg,#f16188,#888888,1,2.9617948349678994e-10
