keyword,language,topic,topicColor,keywordColor,limitPages,ratioNew
'SC Freiburg',de,Bundesliga,#EB0000,#888888,3,0.1144524452308797
'Weinlese',de,Luxemburg,#219100,#888888,2,0.04404258503594086
'Die PARTEI',de,Deutschland,#1818e8,#888888,3,0.0333865349181197
'Die PARTEI',de,Freiburg,#181818,#888888,3,0.0333862031958392
'Martin Horn',de,Freiburg,#18e818,#888888,1,0.0177275125020324
'Xavier Bettel',de,Luxemburg,#6618e9,#888888,1,0.0071701077769701
'Martin Sonneborn',de,Deutschland,#e81818,#888888,1,0.0065053877008646
'WorldCup',de,Qatar,#4D0E00,#888888,1,5.345321191563312e-05
'Gaston Vogel',de,Luxemburg,#f16188,#888888,1,2.4710114313011644e-07
