keyword,language,topic,topicColor,keywordColor,limitPages,ratioNew
'SC Freiburg',de,Bundesliga,#EB0000,#888888,3,0.0463797867417404
'Die PARTEI',de,Freiburg,#181818,#888888,3,0.0336276609887119
'Die PARTEI',de,Deutschland,#1818e8,#888888,3,0.0335660213674663
'Martin Sonneborn',de,Deutschland,#e81818,#888888,2,0.0256725316273832
'Martin Horn',de,Freiburg,#18e818,#888888,1,0.0100521267340022
'Weinlese',de,Luxemburg,#219100,#888888,1,0.0067632319773903
'Xavier Bettel',de,Luxemburg,#6618e9,#888888,1,0.0010004595011776
'WorldCup',de,Qatar,#4D0E00,#888888,1,0.0008632236897004
'Gaston Vogel',de,Luxemburg,#f16188,#888888,1,1.6363812350650175e-06
