keyword,language,topic,topicColor,keywordColor,limitPages,ratioNew
'SC Freiburg',de,Bundesliga,#EB0000,#888888,3,0.0977559696521333
'Die PARTEI',de,Freiburg,#181818,#888888,3,0.03804036794231466
'Die PARTEI',de,Deutschland,#1818e8,#888888,3,0.036732142810529
'WorldCup',de,Qatar,#4D0E00,#888888,1,0.0326194766619318
'Weinlese',de,Luxemburg,#219100,#888888,1,0.031942785775987
'Martin Horn',de,Freiburg,#18e818,#888888,1,0.0316456912757568
'Xavier Bettel',de,Luxemburg,#6618e9,#888888,1,0.0256557945718635
'Martin Sonneborn',de,Deutschland,#e81818,#888888,1,0.0164794392784805
'Gaston Vogel',de,Luxemburg,#f16188,#888888,1,0.0001115474996578
