keyword,language,topic,topicColor,keywordColor,limitPages,ratioNew
'SC Freiburg',de,Bundesliga,#EB0000,#888888,3,0.0740479127794773
'Die PARTEI',de,Freiburg,#181818,#888888,3,0.0334815276104086
'Die PARTEI',de,Deutschland,#1818e8,#888888,3,0.0334608085135261
'Martin Sonneborn',de,Deutschland,#e81818,#888888,1,0.0212614866281939
'Martin Horn',de,Freiburg,#18e818,#888888,1,0.0204124639195976
'Weinlese',de,Luxemburg,#219100,#888888,1,0.0078353948542892
'Xavier Bettel',de,Luxemburg,#6618e9,#888888,1,0.0011773984603863
'WorldCup',de,Qatar,#4D0E00,#888888,1,0.00031281140207501496
'Gaston Vogel',de,Luxemburg,#f16188,#888888,1,8.087797584450525e-05
