keyword,language,topic,topicColor,keywordColor,limitPages,ratioNew
'Die PARTEI',de,Freiburg,#181818,#888888,3,0.137041158656119
'Die PARTEI',de,Deutschland,#1818e8,#888888,3,0.1370112165115156
'Martin Sonneborn',de,Deutschland,#e81818,#888888,1,0.1251174969992183
'Martin Horn',de,Freiburg,#18e818,#888888,2,0.1141348674574605
'SC Freiburg',de,Bundesliga,#EB0000,#888888,3,0.10994332109494809
'Weinlese',de,Luxemburg,#219100,#888888,1,0.086923993231482
'WorldCup',de,Qatar,#4D0E00,#888888,1,0.0433520372483486
'Gaston Vogel',de,Luxemburg,#f16188,#888888,1,0.0089773642291638
'Xavier Bettel',de,Luxemburg,#6618e9,#888888,1,0.0086232590100353
