keyword,language,topic,topicColor,keywordColor,limitPages,ratioNew
'SC Freiburg',de,Bundesliga,#EB0000,#888888,3,0.07443065135789809
'Die PARTEI',de,Freiburg,#181818,#888888,3,0.0333751824379338
'Die PARTEI',de,Deutschland,#1818e8,#888888,3,0.0333704005632692
'Martin Horn',de,Freiburg,#18e818,#888888,1,0.0232554044043196
'Xavier Bettel',de,Luxemburg,#6618e9,#888888,1,0.0191235062158293
'Weinlese',de,Luxemburg,#219100,#888888,1,0.0090699153971824
'Martin Sonneborn',de,Deutschland,#e81818,#888888,1,0.004513829028869
'WorldCup',de,Qatar,#4D0E00,#888888,1,0.0007028657046848
'Gaston Vogel',de,Luxemburg,#f16188,#888888,1,4.1408702553446646e-14
