keyword,language,topic,topicColor,keywordColor,limitPages,ratioNew
'SC Freiburg',de,Bundesliga,#EB0000,#888888,3,0.1054984625656741
'Weinlese',de,Luxemburg,#219100,#888888,2,0.05602308591691331
'Die PARTEI',de,Freiburg,#181818,#888888,3,0.0333862031958392
'Die PARTEI',de,Deutschland,#1818e8,#888888,3,0.0333833196804017
'Martin Horn',de,Freiburg,#18e818,#888888,1,0.0167185506267275
'Xavier Bettel',de,Luxemburg,#6618e9,#888888,1,0.0071701077769701
'Martin Sonneborn',de,Deutschland,#e81818,#888888,1,0.0065053877008646
'WorldCup',de,Qatar,#4D0E00,#888888,1,3.861994560904493e-05
'Gaston Vogel',de,Luxemburg,#f16188,#888888,1,1.7853057591150917e-07
