keyword,language,topic,topicColor,keywordColor,limitPages,ratioNew
'SC Freiburg',de,Bundesliga,#EB0000,#888888,3,0.06326460615031095
'Die PARTEI',de,Freiburg,#181818,#888888,3,0.0334505152628135
'Die PARTEI',de,Deutschland,#1818e8,#888888,3,0.0334490917542927
'Martin Horn',de,Freiburg,#18e818,#888888,2,0.0196350277852699
'Weinlese',de,Luxemburg,#219100,#888888,1,0.0118076305886316
'Martin Sonneborn',de,Deutschland,#e81818,#888888,1,0.0100348071336794
'Xavier Bettel',de,Luxemburg,#6618e9,#888888,1,0.0089857876337783
'WorldCup',de,Qatar,#4D0E00,#888888,1,0.0008753415576093
'Gaston Vogel',de,Luxemburg,#f16188,#888888,1,3.5986720721730746e-17
