keyword,language,topic,topicColor,keywordColor,limitPages,ratioNew
'SC Freiburg',de,Bundesliga,#EB0000,#888888,3,0.0740479127794773
'Die PARTEI',de,Freiburg,#181818,#888888,3,0.0334815276104086
'Die PARTEI',de,Deutschland,#1818e8,#888888,3,0.0334647522364971
'Martin Sonneborn',de,Deutschland,#e81818,#888888,1,0.0212614866281939
'Martin Horn',de,Freiburg,#18e818,#888888,1,0.019600819331657963
'Weinlese',de,Luxemburg,#219100,#888888,1,0.0077101906261458
'Xavier Bettel',de,Luxemburg,#6618e9,#888888,1,0.0011773984603863
'WorldCup',de,Qatar,#4D0E00,#888888,1,0.0002658896917637
'Gaston Vogel',de,Luxemburg,#f16188,#888888,1,6.874627946782946e-05
