keyword,language,topic,topicColor,keywordColor,limitPages,ratioNew
'SC Freiburg',de,Bundesliga,#EB0000,#888888,3,0.0859894356929204
'Die PARTEI',de,Freiburg,#181818,#888888,3,0.0333963940077156
'Die PARTEI',de,Deutschland,#1818e8,#888888,3,0.0333949801169797
'Martin Sonneborn',de,Deutschland,#e81818,#888888,1,0.0246118590405205
'Xavier Bettel',de,Luxemburg,#6618e9,#888888,1,0.018279343681221836
'Weinlese',de,Luxemburg,#219100,#888888,1,0.015609508225518
'Martin Horn',de,Freiburg,#18e818,#888888,1,0.012867606796809
'WorldCup',de,Qatar,#4D0E00,#888888,1,0.0017592694730875
'Gaston Vogel',de,Luxemburg,#f16188,#888888,1,8.586050308177999e-05
