keyword,language,topic,topicColor,keywordColor,limitPages,ratioNew
'SC Freiburg',de,Bundesliga,#EB0000,#888888,3,0.0526558101664854
'Die PARTEI',de,Freiburg,#181818,#888888,3,0.0334861126345492
'Die PARTEI',de,Deutschland,#1818e8,#888888,3,0.03348336562525406
'Martin Horn',de,Freiburg,#18e818,#888888,2,0.0196350277852699
'Weinlese',de,Luxemburg,#219100,#888888,1,0.0118076305886316
'Martin Sonneborn',de,Deutschland,#e81818,#888888,1,0.0098642848631523
'Xavier Bettel',de,Luxemburg,#6618e9,#888888,1,0.0089857876337783
'WorldCup',de,Qatar,#4D0E00,#888888,1,0.0008274239551687
'Gaston Vogel',de,Luxemburg,#f16188,#888888,1,9.541765064206624e-17
