keyword,language,topic,topicColor,keywordColor,limitPages,ratioNew
'SC Freiburg',de,Bundesliga,#EB0000,#888888,3,0.1256343018750982
'Weinlese',de,Luxemburg,#219100,#888888,1,0.0351898964031592
'Die PARTEI',de,Deutschland,#1818e8,#888888,3,0.0335004442839855
'Martin Sonneborn',de,Deutschland,#e81818,#888888,1,0.033464988423969
'Die PARTEI',de,Freiburg,#181818,#888888,3,0.0334588007558039
'Martin Horn',de,Freiburg,#18e818,#888888,1,0.014272343524020188
'Xavier Bettel',de,Luxemburg,#6618e9,#888888,1,0.0048481038235513
'WorldCup',de,Qatar,#4D0E00,#888888,1,0.0009548418923715
'Gaston Vogel',de,Luxemburg,#f16188,#888888,1,3.337254401513388e-18
