keyword,language,topic,topicColor,keywordColor,limitPages,ratioNew
'SC Freiburg',de,Bundesliga,#EB0000,#888888,3,0.0663710567427804
'Weinlese',de,Luxemburg,#219100,#888888,2,0.0524216409611512
'Martin Sonneborn',de,Deutschland,#e81818,#888888,1,0.04542532863380099
'Die PARTEI',de,Freiburg,#181818,#888888,3,0.033593525797522
'Die PARTEI',de,Deutschland,#1818e8,#888888,3,0.0335704129519299
'Martin Horn',de,Freiburg,#18e818,#888888,1,0.0113737260239647
'WorldCup',de,Qatar,#4D0E00,#888888,1,0.0029259404324058
'Xavier Bettel',de,Luxemburg,#6618e9,#888888,1,0.0025842045738267
'Gaston Vogel',de,Luxemburg,#f16188,#888888,1,1.9278544873098683e-12
