keyword,language,topic,topicColor,keywordColor,limitPages,ratioNew
'SC Freiburg',de,Bundesliga,#EB0000,#888888,3,0.08981489004380286
'Die PARTEI',de,Freiburg,#181818,#888888,3,0.0333820793387457
'Die PARTEI',de,Deutschland,#1818e8,#888888,3,0.0333808613332447
'Martin Horn',de,Freiburg,#18e818,#888888,1,0.0232554044043196
'Xavier Bettel',de,Luxemburg,#6618e9,#888888,1,0.0217922896656816
'Weinlese',de,Luxemburg,#219100,#888888,1,0.0103175122319793
'Martin Sonneborn',de,Deutschland,#e81818,#888888,1,0.004513829028869
'WorldCup',de,Qatar,#4D0E00,#888888,1,0.0006504125937469
'Gaston Vogel',de,Luxemburg,#f16188,#888888,1,6.742715661053798e-14
