keyword,language,topic,topicColor,keywordColor,limitPages,ratioNew
'SC Freiburg',de,Bundesliga,#EB0000,#888888,3,0.08888754189508052
'Die PARTEI',de,Deutschland,#1818e8,#888888,3,0.0333704005632692
'Die PARTEI',de,Freiburg,#181818,#888888,3,0.0333700828970241
'Martin Horn',de,Freiburg,#18e818,#888888,1,0.0191466816423026
'Xavier Bettel',de,Luxemburg,#6618e9,#888888,1,0.0155269042409366
'Weinlese',de,Luxemburg,#219100,#888888,1,0.0068305416244642
'Martin Sonneborn',de,Deutschland,#e81818,#888888,1,0.0038367546745386
'WorldCup',de,Qatar,#4D0E00,#888888,1,0.000957820871553
'Gaston Vogel',de,Luxemburg,#f16188,#888888,1,2.5430119455635424e-14
