keyword,language,topic,topicColor,keywordColor,limitPages,ratioNew
'SC Freiburg',de,Bundesliga,#EB0000,#888888,3,0.0765615747759592
'Die PARTEI',de,Freiburg,#181818,#888888,3,0.0336641010877734
'Die PARTEI',de,Deutschland,#1818e8,#888888,3,0.0336404583169548
'Martin Sonneborn',de,Deutschland,#e81818,#888888,1,0.0253696297122592
'Martin Horn',de,Freiburg,#18e818,#888888,1,0.0094443977239018
'Weinlese',de,Luxemburg,#219100,#888888,1,0.0049252970131147
'Xavier Bettel',de,Luxemburg,#6618e9,#888888,1,0.0017680195751666
'WorldCup',de,Qatar,#4D0E00,#888888,1,0.0017128203132612
'Gaston Vogel',de,Luxemburg,#f16188,#888888,1,1.0327762156990606e-07
