keyword,language,topic,topicColor,keywordColor,limitPages,ratioNew
'SC Freiburg',de,Bundesliga,#EB0000,#888888,3,0.1189342384633894
'Die PARTEI',de,Deutschland,#1818e8,#888888,3,0.0338226058354963
'Die PARTEI',de,Freiburg,#181818,#888888,3,0.03348490813076171
'Martin Sonneborn',de,Deutschland,#e81818,#888888,1,0.0296608062060448
'Martin Horn',de,Freiburg,#18e818,#888888,2,0.0175885737905754
'Weinlese',de,Luxemburg,#219100,#888888,1,0.0105204154936097
'Xavier Bettel',de,Luxemburg,#6618e9,#888888,1,0.0055578139426317
'WorldCup',de,Qatar,#4D0E00,#888888,1,0.0005597161023497
'Gaston Vogel',de,Luxemburg,#f16188,#888888,1,1.440850704176392e-17
