keyword,language,topic,topicColor,keywordColor,limitPages,ratioNew
'SC Freiburg',de,Bundesliga,#EB0000,#888888,3,0.1401462763944378
'Die PARTEI',de,Deutschland,#1818e8,#888888,3,0.036779651508140755
'Die PARTEI',de,Freiburg,#181818,#888888,3,0.0335419724072016
'Martin Sonneborn',de,Deutschland,#e81818,#888888,1,0.0307094957626569
'Weinlese',de,Luxemburg,#219100,#888888,1,0.0211105685166546
'Martin Horn',de,Freiburg,#18e818,#888888,1,0.0166304727205197
'Xavier Bettel',de,Luxemburg,#6618e9,#888888,1,0.0065401116853035
'WorldCup',de,Qatar,#4D0E00,#888888,1,1.7096104455035486e-05
'Gaston Vogel',de,Luxemburg,#f16188,#888888,1,1.0129590165263675e-16
