keyword,language,topic,topicColor,keywordColor,limitPages,ratioNew
'SC Freiburg',de,Bundesliga,#EB0000,#888888,3,0.0816933510123292
'Xavier Bettel',de,Luxemburg,#6618e9,#888888,2,0.0368829524171643
'Die PARTEI',de,Freiburg,#181818,#888888,3,0.0336068846268668
'Die PARTEI',de,Deutschland,#1818e8,#888888,3,0.0334482489559423
'Weinlese',de,Luxemburg,#219100,#888888,1,0.0325582353530516
'Martin Horn',de,Freiburg,#18e818,#888888,1,0.013666328623526675
'Martin Sonneborn',de,Deutschland,#e81818,#888888,1,0.0071735285021276
'WorldCup',de,Qatar,#4D0E00,#888888,1,0.0009750545624959
'Gaston Vogel',de,Luxemburg,#f16188,#888888,1,7.51079658676344e-12
