keyword,language,topic,topicColor,keywordColor,limitPages,ratioNew
'SC Freiburg',de,Bundesliga,#EB0000,#888888,3,0.12553046488351244
'Die PARTEI',de,Deutschland,#1818e8,#888888,3,0.0333788340915977
'Die PARTEI',de,Freiburg,#181818,#888888,3,0.0333778029456692
'Martin Horn',de,Freiburg,#18e818,#888888,1,0.019602101398121
'Martin Sonneborn',de,Deutschland,#e81818,#888888,1,0.0187999241511164
'Weinlese',de,Luxemburg,#219100,#888888,1,0.0184175809745494
'Xavier Bettel',de,Luxemburg,#6618e9,#888888,1,0.0151234583721025
'WorldCup',de,Qatar,#4D0E00,#888888,1,0.0009560370717164
'Gaston Vogel',de,Luxemburg,#f16188,#888888,1,1.3141641028103175e-10
