keyword,language,topic,topicColor,keywordColor,limitPages,ratioNew
'SC Freiburg',de,Bundesliga,#EB0000,#888888,3,0.1237068348823046
'Martin Sonneborn',de,Deutschland,#e81818,#888888,1,0.063316787051265
'Die PARTEI',de,Freiburg,#181818,#888888,3,0.03355963224376671
'Die PARTEI',de,Deutschland,#1818e8,#888888,3,0.0335301583403934
'Weinlese',de,Luxemburg,#219100,#888888,1,0.0276822941406985
'Martin Horn',de,Freiburg,#18e818,#888888,1,0.0161120280407406
'Xavier Bettel',de,Luxemburg,#6618e9,#888888,1,0.0086679362426348
'WorldCup',de,Qatar,#4D0E00,#888888,1,5.332915258134936e-05
'Gaston Vogel',de,Luxemburg,#f16188,#888888,1,2.6858287616987243e-16
