keyword,language,topic,topicColor,keywordColor,limitPages,ratioNew
'SC Freiburg',de,Bundesliga,#EB0000,#888888,3,0.0707374399077706
'Die PARTEI',de,Freiburg,#181818,#888888,3,0.0335393780654796
'Die PARTEI',de,Deutschland,#1818e8,#888888,3,0.0334888824303149
'Weinlese',de,Luxemburg,#219100,#888888,1,0.027682294140698532
'Martin Horn',de,Freiburg,#18e818,#888888,1,0.0165385630321671
'Xavier Bettel',de,Luxemburg,#6618e9,#888888,1,0.0111103783649811
'Martin Sonneborn',de,Deutschland,#e81818,#888888,1,0.0015235208450859
'WorldCup',de,Qatar,#4D0E00,#888888,1,0.0003186812410566
'Gaston Vogel',de,Luxemburg,#f16188,#888888,1,8.378105796950723e-16
