keyword,language,topic,topicColor,keywordColor,limitPages,ratioNew
'SC Freiburg',de,Bundesliga,#EB0000,#888888,3,0.110940554800186
'Die PARTEI',de,Freiburg,#181818,#888888,3,0.033606884626866895
'Die PARTEI',de,Deutschland,#1818e8,#888888,3,0.0334482489559423
'Weinlese',de,Luxemburg,#219100,#888888,1,0.0325582353530516
'Xavier Bettel',de,Luxemburg,#6618e9,#888888,2,0.030583736248985
'Martin Horn',de,Freiburg,#18e818,#888888,1,0.0128005354650889
'Martin Sonneborn',de,Deutschland,#e81818,#888888,1,0.0082629570613267
'WorldCup',de,Qatar,#4D0E00,#888888,1,0.0009336928154054
'Gaston Vogel',de,Luxemburg,#f16188,#888888,1,2.756351467885624e-11
