keyword,language,topic,topicColor,keywordColor,limitPages,ratioNew
'Die PARTEI',de,Freiburg,#181818,#888888,3,0.1553995931611861
'Martin Sonneborn',de,Deutschland,#e81818,#888888,1,0.1459616376461392
'Die PARTEI',de,Deutschland,#1818e8,#888888,3,0.1392663033825318
'Martin Horn',de,Freiburg,#18e818,#888888,2,0.1305700617146595
'SC Freiburg',de,Bundesliga,#EB0000,#888888,3,0.1235171424646448
'Weinlese',de,Luxemburg,#219100,#888888,1,0.10173405674292
'WorldCup',de,Qatar,#4D0E00,#888888,1,0.05424099792159
'Xavier Bettel',de,Luxemburg,#6618e9,#888888,1,0.0148354351349442
'Gaston Vogel',de,Luxemburg,#f16188,#888888,1,0.0146181383743764
