keyword,language,topic,topicColor,keywordColor,limitPages,ratioNew
'SC Freiburg',de,Bundesliga,#EB0000,#888888,3,0.1179774976904279
'Die PARTEI',de,Deutschland,#1818e8,#888888,3,0.033522612697489435
'Die PARTEI',de,Freiburg,#181818,#888888,3,0.0335220838125934
'Weinlese',de,Luxemburg,#219100,#888888,2,0.026138364657182
'Martin Sonneborn',de,Deutschland,#e81818,#888888,1,0.0187330572925934
'Martin Horn',de,Freiburg,#18e818,#888888,1,0.00950398773069
'WorldCup',de,Qatar,#4D0E00,#888888,1,0.0035721419616154
'Xavier Bettel',de,Luxemburg,#6618e9,#888888,1,0.001441098900691
'Gaston Vogel',de,Luxemburg,#f16188,#888888,1,1.216734963196538e-13
