keyword,language,topic,topicColor,keywordColor,limitPages,ratioNew
'SC Freiburg',de,Bundesliga,#EB0000,#888888,3,0.145651792052681
'Die PARTEI',de,Deutschland,#1818e8,#888888,3,0.0334739025459024
'Martin Sonneborn',de,Deutschland,#e81818,#888888,1,0.033464988423969
'Die PARTEI',de,Freiburg,#181818,#888888,3,0.0334588007558039
'Weinlese',de,Luxemburg,#219100,#888888,1,0.0311115319426853
'Martin Horn',de,Freiburg,#18e818,#888888,1,0.0153072676961044
'Xavier Bettel',de,Luxemburg,#6618e9,#888888,1,0.0044209182500186
'WorldCup',de,Qatar,#4D0E00,#888888,1,0.0009616306085157
'Gaston Vogel',de,Luxemburg,#f16188,#888888,1,2.411166305093423e-18
