keyword,language,topic,topicColor,keywordColor,limitPages,ratioNew
'SC Freiburg',de,Bundesliga,#EB0000,#888888,3,0.06181402414022935
'Weinlese',de,Luxemburg,#219100,#888888,2,0.0391202065837248
'Martin Sonneborn',de,Deutschland,#e81818,#888888,1,0.034484966437921
'Die PARTEI',de,Freiburg,#181818,#888888,3,0.0335905636387096
'Die PARTEI',de,Deutschland,#1818e8,#888888,3,0.0335765068577693
'Martin Horn',de,Freiburg,#18e818,#888888,1,0.0111678171203699
'WorldCup',de,Qatar,#4D0E00,#888888,1,0.0043769467677139
'Xavier Bettel',de,Luxemburg,#6618e9,#888888,1,0.0016954104714012
'Gaston Vogel',de,Luxemburg,#f16188,#888888,1,1.006352091466297e-12
