keyword,language,topic,topicColor,keywordColor,limitPages,ratioNew
'Martin Sonneborn',de,Deutschland,#e81818,#888888,1,0.1251174969992183
'Die PARTEI',de,Freiburg,#181818,#888888,3,0.1214819798577011
'Die PARTEI',de,Deutschland,#1818e8,#888888,3,0.12145486403478827
'Martin Horn',de,Freiburg,#18e818,#888888,2,0.1141348674574605
'SC Freiburg',de,Bundesliga,#EB0000,#888888,3,0.109943321094948
'Weinlese',de,Luxemburg,#219100,#888888,1,0.086923993231482
'WorldCup',de,Qatar,#4D0E00,#888888,1,0.0433520372483486
'Xavier Bettel',de,Luxemburg,#6618e9,#888888,1,0.0086232590100353
'Gaston Vogel',de,Luxemburg,#f16188,#888888,1,0.0076307595947892
