keyword,language,topic,topicColor,keywordColor,limitPages,ratioNew
'SC Freiburg',de,Bundesliga,#EB0000,#888888,3,0.1420546772750328
'Die PARTEI',de,Deutschland,#1818e8,#888888,3,0.033386800294286
'Die PARTEI',de,Freiburg,#181818,#888888,3,0.0333797664611339
'Martin Sonneborn',de,Deutschland,#e81818,#888888,1,0.0311443862206503
'Xavier Bettel',de,Luxemburg,#6618e9,#888888,1,0.021529964318798
'Martin Horn',de,Freiburg,#18e818,#888888,1,0.0180635229586209
'Weinlese',de,Luxemburg,#219100,#888888,1,0.00706251403153476
'WorldCup',de,Qatar,#4D0E00,#888888,1,0.0010854847135425
'Gaston Vogel',de,Luxemburg,#f16188,#888888,1,0.0004780415628804
