keyword,language,topic,topicColor,keywordColor,limitPages,ratioNew
'Martin Sonneborn',de,Deutschland,#e81818,#888888,1,0.111266034303749
'SC Freiburg',de,Bundesliga,#EB0000,#888888,3,0.1046663898070599
'Die PARTEI',de,Freiburg,#181818,#888888,3,0.0367381473383222
'Die PARTEI',de,Deutschland,#1818e8,#888888,3,0.0362238613889496
'Martin Horn',de,Freiburg,#18e818,#888888,2,0.0249032133508818
'WorldCup',de,Qatar,#4D0E00,#888888,1,0.0238450996382457
'Weinlese',de,Luxemburg,#219100,#888888,1,0.020455447164677922
'Xavier Bettel',de,Luxemburg,#6618e9,#888888,1,0.0161417784289456
'Gaston Vogel',de,Luxemburg,#f16188,#888888,1,2.5836291236266275e-05
