keyword,language,topic,topicColor,keywordColor,limitPages,ratioNew
'SC Freiburg',de,Bundesliga,#EB0000,#888888,3,0.1956205877994224
'Die PARTEI',de,Deutschland,#1818e8,#888888,3,0.0333910147996237
'Die PARTEI',de,Freiburg,#181818,#888888,3,0.0333763546601576
'Martin Sonneborn',de,Deutschland,#e81818,#888888,1,0.0311443862206503
'Martin Horn',de,Freiburg,#18e818,#888888,1,0.018063522958620952
'Xavier Bettel',de,Luxemburg,#6618e9,#888888,1,0.0179060425630405
'Weinlese',de,Luxemburg,#219100,#888888,1,0.0093909844727125
'WorldCup',de,Qatar,#4D0E00,#888888,1,0.0009626465109589
'Gaston Vogel',de,Luxemburg,#f16188,#888888,1,5.831015939137337e-11
