keyword,language,topic,topicColor,keywordColor,limitPages,ratioNew
'SC Freiburg',de,Bundesliga,#EB0000,#888888,3,0.0962250801359113
'Weinlese',de,Luxemburg,#219100,#888888,2,0.0346843833416358
'Die PARTEI',de,Freiburg,#181818,#888888,3,0.0335905636387096
'Die PARTEI',de,Deutschland,#1818e8,#888888,3,0.0335456365704233
'Martin Sonneborn',de,Deutschland,#e81818,#888888,1,0.026874348756513
'Martin Horn',de,Freiburg,#18e818,#888888,1,0.0099457443890471
'WorldCup',de,Qatar,#4D0E00,#888888,1,0.00409576956883298
'Xavier Bettel',de,Luxemburg,#6618e9,#888888,1,0.0016954104714012
'Gaston Vogel',de,Luxemburg,#f16188,#888888,1,3.226134232680119e-13
