keyword,language,topic,topicColor,keywordColor,limitPages,ratioNew
'SC Freiburg',de,Bundesliga,#EB0000,#888888,3,0.07200961587313384
'Martin Sonneborn',de,Deutschland,#e81818,#888888,1,0.0450723682156835
'Weinlese',de,Luxemburg,#219100,#888888,2,0.033852730596166
'Die PARTEI',de,Freiburg,#181818,#888888,3,0.0335905636387096
'Die PARTEI',de,Deutschland,#1818e8,#888888,3,0.0335765068577693
'Martin Horn',de,Freiburg,#18e818,#888888,1,0.0106927645523144
'WorldCup',de,Qatar,#4D0E00,#888888,1,0.0044704797525568
'Xavier Bettel',de,Luxemburg,#6618e9,#888888,1,0.0016954104714012
'Gaston Vogel',de,Luxemburg,#f16188,#888888,1,7.270893860844e-13
