keyword,language,topic,topicColor,keywordColor,limitPages,ratioNew
'SC Freiburg',de,Bundesliga,#EB0000,#888888,3,0.1204661062855623
'Die PARTEI',de,Freiburg,#181818,#888888,3,0.0349356806631293
'Die PARTEI',de,Deutschland,#1818e8,#888888,3,0.0334239132805902
'Weinlese',de,Luxemburg,#219100,#888888,1,0.0301276934244456
'Xavier Bettel',de,Luxemburg,#6618e9,#888888,3,0.0274851081677681
'Martin Sonneborn',de,Deutschland,#e81818,#888888,1,0.0152975741407824
'Martin Horn',de,Freiburg,#18e818,#888888,1,0.0138175812277469
'WorldCup',de,Qatar,#4D0E00,#888888,1,0.0008504349346434
'Gaston Vogel',de,Luxemburg,#f16188,#888888,1,1.6471244414253535e-10
