keyword,language,topic,topicColor,keywordColor,limitPages,ratioNew
'SC Freiburg',de,Bundesliga,#EB0000,#888888,3,0.13097433760425628
'Die PARTEI',de,Deutschland,#1818e8,#888888,3,0.0333910022967986
'Die PARTEI',de,Freiburg,#181818,#888888,3,0.0333835814919638
'Martin Sonneborn',de,Deutschland,#e81818,#888888,1,0.0311443862206503
'Martin Horn',de,Freiburg,#18e818,#888888,2,0.0201544745148277
'Xavier Bettel',de,Luxemburg,#6618e9,#888888,1,0.0174671387997817
'Weinlese',de,Luxemburg,#219100,#888888,1,0.0041647180145486
'WorldCup',de,Qatar,#4D0E00,#888888,1,0.0010379856510049
'Gaston Vogel',de,Luxemburg,#f16188,#888888,1,0.0007275822329582
