keyword,language,topic,topicColor,keywordColor,limitPages,ratioNew
'SC Freiburg',de,Bundesliga,#EB0000,#888888,3,0.1097608207185708
'Die PARTEI',de,Freiburg,#181818,#888888,3,0.0333803975831403
'Die PARTEI',de,Deutschland,#1818e8,#888888,3,0.033378834091597774
'Weinlese',de,Luxemburg,#219100,#888888,1,0.021138277617117
'Martin Horn',de,Freiburg,#18e818,#888888,1,0.019602101398121
'Martin Sonneborn',de,Deutschland,#e81818,#888888,1,0.0187999241511164
'Xavier Bettel',de,Luxemburg,#6618e9,#888888,1,0.0146155157318854
'WorldCup',de,Qatar,#4D0E00,#888888,1,0.0009560370717164
'Gaston Vogel',de,Luxemburg,#f16188,#888888,1,1.8189122530246607e-10
