keyword,language,topic,topicColor,keywordColor,limitPages,ratioNew
'SC Freiburg',de,Bundesliga,#EB0000,#888888,3,0.07221308139130839
'Die PARTEI',de,Freiburg,#181818,#888888,3,0.0336761011180287
'Die PARTEI',de,Deutschland,#1818e8,#888888,3,0.0336404583169548
'Martin Sonneborn',de,Deutschland,#e81818,#888888,1,0.0253696297122592
'Martin Horn',de,Freiburg,#18e818,#888888,1,0.0094443977239018
'Weinlese',de,Luxemburg,#219100,#888888,1,0.0049252970131147
'WorldCup',de,Qatar,#4D0E00,#888888,1,0.0017925681763311
'Xavier Bettel',de,Luxemburg,#6618e9,#888888,1,0.0017680195751666
'Gaston Vogel',de,Luxemburg,#f16188,#888888,1,7.461808158425715e-08
