keyword,language,topic,topicColor,keywordColor,limitPages,ratioNew
'SC Freiburg',de,Bundesliga,#EB0000,#888888,3,0.0882481291215539
'Die PARTEI',de,Freiburg,#181818,#888888,3,0.0336698776182001
'Die PARTEI',de,Deutschland,#1818e8,#888888,3,0.0336624667843237
'Weinlese',de,Luxemburg,#219100,#888888,1,0.0205229735086419
'Martin Sonneborn',de,Deutschland,#e81818,#888888,1,0.0171237781970411
'Martin Horn',de,Freiburg,#18e818,#888888,1,0.0081380245271911
'Xavier Bettel',de,Luxemburg,#6618e9,#888888,2,0.0055532216388916
'WorldCup',de,Qatar,#4D0E00,#888888,1,0.002421663844728475
'Gaston Vogel',de,Luxemburg,#f16188,#888888,1,1.2486831810205867e-08
