keyword,language,topic,topicColor,keywordColor,limitPages,ratioNew
'Martin Sonneborn',de,Deutschland,#e81818,#888888,1,0.1300187756514695
'SC Freiburg',de,Bundesliga,#EB0000,#888888,3,0.1119568414842416
'Die PARTEI',de,Freiburg,#181818,#888888,3,0.0367381473383222
'Die PARTEI',de,Deutschland,#1818e8,#888888,3,0.0362238613889496
'Martin Horn',de,Freiburg,#18e818,#888888,1,0.026017443392224
'Weinlese',de,Luxemburg,#219100,#888888,1,0.0238887437231505
'WorldCup',de,Qatar,#4D0E00,#888888,1,0.0238450996382457
'Xavier Bettel',de,Luxemburg,#6618e9,#888888,1,0.0188138393281713
'Gaston Vogel',de,Luxemburg,#f16188,#888888,1,4.949421819425778e-05
