keyword,language,topic,topicColor,keywordColor,limitPages,ratioNew
'SC Freiburg',de,Bundesliga,#EB0000,#888888,3,0.0639708372480606
'Die PARTEI',de,Freiburg,#181818,#888888,3,0.03368376568535508
'Die PARTEI',de,Deutschland,#1818e8,#888888,3,0.0336175977097951
'Martin Sonneborn',de,Deutschland,#e81818,#888888,2,0.0270017493507843
'Martin Horn',de,Freiburg,#18e818,#888888,1,0.0094443977239018
'Weinlese',de,Luxemburg,#219100,#888888,1,0.0049252970131147
'Xavier Bettel',de,Luxemburg,#6618e9,#888888,1,0.0015554152396007
'WorldCup',de,Qatar,#4D0E00,#888888,1,0.0009562205909894
'Gaston Vogel',de,Luxemburg,#f16188,#888888,1,4.458983819069361e-07
