keyword,language,topic,topicColor,keywordColor,limitPages,ratioNew
'SC Freiburg',de,Bundesliga,#EB0000,#888888,3,0.0905781808203077
'Die PARTEI',de,Deutschland,#1818e8,#888888,3,0.0335323376358513
'Die PARTEI',de,Freiburg,#181818,#888888,3,0.0335270747696359
'Weinlese',de,Luxemburg,#219100,#888888,2,0.0321903097913596
'Martin Sonneborn',de,Deutschland,#e81818,#888888,2,0.0171076807364953
'Martin Horn',de,Freiburg,#18e818,#888888,1,0.0123286382311974
'Xavier Bettel',de,Luxemburg,#6618e9,#888888,1,0.0028637524397962196
'WorldCup',de,Qatar,#4D0E00,#888888,1,0.0006459504547114
'Gaston Vogel',de,Luxemburg,#f16188,#888888,1,1.1520360456772451e-11
