keyword,language,topic,topicColor,keywordColor,limitPages,ratioNew
'SC Freiburg',de,Bundesliga,#EB0000,#888888,3,0.1386826023001457
'Weinlese',de,Luxemburg,#219100,#888888,3,0.10176814167843766
'Martin Sonneborn',de,Deutschland,#e81818,#888888,1,0.0444887126807051
'Die PARTEI',de,Freiburg,#181818,#888888,3,0.0333918645675032
'Die PARTEI',de,Deutschland,#1818e8,#888888,3,0.033386283485524
'Martin Horn',de,Freiburg,#18e818,#888888,1,0.01123721316981
'Xavier Bettel',de,Luxemburg,#6618e9,#888888,1,0.0057354583688608
'WorldCup',de,Qatar,#4D0E00,#888888,1,0.0015783280393181
'Gaston Vogel',de,Luxemburg,#f16188,#888888,1,5.881797195591637e-09
