keyword,language,topic,topicColor,keywordColor,limitPages,ratioNew
'SC Freiburg',de,Bundesliga,#EB0000,#888888,3,0.10195180981520005
'Weinlese',de,Luxemburg,#219100,#888888,2,0.0583670624271281
'Die PARTEI',de,Deutschland,#1818e8,#888888,3,0.0335244560421781
'Die PARTEI',de,Freiburg,#181818,#888888,3,0.0335122976050325
'Martin Sonneborn',de,Deutschland,#e81818,#888888,2,0.0148436574207549
'Martin Horn',de,Freiburg,#18e818,#888888,1,0.0083813316977219
'Xavier Bettel',de,Luxemburg,#6618e9,#888888,1,0.0061160805682181
'WorldCup',de,Qatar,#4D0E00,#888888,1,0.0008111523771263
'Gaston Vogel',de,Luxemburg,#f16188,#888888,1,8.099140989761321e-11
