keyword,language,topic,topicColor,keywordColor,limitPages,ratioNew
'SC Freiburg',de,Bundesliga,#EB0000,#888888,3,0.1463121541427827
'Martin Sonneborn',de,Deutschland,#e81818,#888888,1,0.0397444021673844
'Die PARTEI',de,Deutschland,#1818e8,#888888,3,0.0345049747690901
'Die PARTEI',de,Freiburg,#181818,#888888,3,0.0335092538142031
'Martin Horn',de,Freiburg,#18e818,#888888,2,0.0175885737905754
'Weinlese',de,Luxemburg,#219100,#888888,1,0.012376959404246839
'Xavier Bettel',de,Luxemburg,#6618e9,#888888,1,0.0065401116853035
'WorldCup',de,Qatar,#4D0E00,#888888,1,0.0001564627875142
'Gaston Vogel',de,Luxemburg,#f16188,#888888,1,1.9942570300019268e-17
