keyword,language,topic,topicColor,keywordColor,limitPages,ratioNew
'SC Freiburg',de,Bundesliga,#EB0000,#888888,3,0.0759435929157301
'Die PARTEI',de,Deutschland,#1818e8,#888888,3,0.0334055965998976
'Die PARTEI',de,Freiburg,#181818,#888888,3,0.033402209007219
'Martin Sonneborn',de,Deutschland,#e81818,#888888,1,0.0321442495370528
'Xavier Bettel',de,Luxemburg,#6618e9,#888888,1,0.0207108542300649
'Weinlese',de,Luxemburg,#219100,#888888,1,0.015609508225518
'Martin Horn',de,Freiburg,#18e818,#888888,1,0.014352743317382956
'WorldCup',de,Qatar,#4D0E00,#888888,1,0.0014572032854581
'Gaston Vogel',de,Luxemburg,#f16188,#888888,1,0.0001644817530093
