keyword,language,topic,topicColor,keywordColor,limitPages,ratioNew
'SC Freiburg',de,Bundesliga,#EB0000,#888888,3,0.0906054580388237
'Die PARTEI',de,Freiburg,#181818,#888888,3,0.0334636875154886
'Die PARTEI',de,Deutschland,#1818e8,#888888,3,0.0334458749864054
'Martin Sonneborn',de,Deutschland,#e81818,#888888,1,0.0269675521594696
'Martin Horn',de,Freiburg,#18e818,#888888,1,0.0222208002347372
'Weinlese',de,Luxemburg,#219100,#888888,1,0.0099655550763472
'Xavier Bettel',de,Luxemburg,#6618e9,#888888,1,0.00220605729689
'Gaston Vogel',de,Luxemburg,#f16188,#888888,1,0.0010892497328268
'WorldCup',de,Qatar,#4D0E00,#888888,1,0.0009664334482216
