keyword,language,topic,topicColor,keywordColor,limitPages,ratioNew
'SC Freiburg',de,Bundesliga,#EB0000,#888888,3,0.1039587309762559
'Die PARTEI',de,Deutschland,#1818e8,#888888,3,0.0665490488362845
'Die PARTEI',de,Freiburg,#181818,#888888,3,0.06156945507999873
'Martin Sonneborn',de,Deutschland,#e81818,#888888,1,0.0573409665913495
'Martin Horn',de,Freiburg,#18e818,#888888,1,0.0570077241624521
'Weinlese',de,Luxemburg,#219100,#888888,1,0.0482431170380412
'WorldCup',de,Qatar,#4D0E00,#888888,1,0.0381993666610963
'Xavier Bettel',de,Luxemburg,#6618e9,#888888,1,0.0034439101189418
'Gaston Vogel',de,Luxemburg,#f16188,#888888,1,0.0012769560624074
