keyword,language,topic,topicColor,keywordColor,limitPages,ratioNew
'SC Freiburg',de,Bundesliga,#EB0000,#888888,3,0.0946246929677095
'Weinlese',de,Luxemburg,#219100,#888888,1,0.05331688041020219
'Die PARTEI',de,Deutschland,#1818e8,#888888,3,0.0335447620466679
'Die PARTEI',de,Freiburg,#181818,#888888,3,0.033544745486371
'Martin Horn',de,Freiburg,#18e818,#888888,1,0.0095595374868856
'Martin Sonneborn',de,Deutschland,#e81818,#888888,1,0.0080840300906884
'Xavier Bettel',de,Luxemburg,#6618e9,#888888,1,0.0014435997523631
'WorldCup',de,Qatar,#4D0E00,#888888,1,0.0002003055960147
'Gaston Vogel',de,Luxemburg,#f16188,#888888,1,2.0925176537587238e-15
