keyword,language,topic,topicColor,keywordColor,limitPages,ratioNew
'SC Freiburg',de,Bundesliga,#EB0000,#888888,3,0.1159521757549709
'Die PARTEI',de,Deutschland,#1818e8,#888888,3,0.0423615060100652
'Die PARTEI',de,Freiburg,#181818,#888888,3,0.0423596044081172
'Weinlese',de,Luxemburg,#219100,#888888,1,0.041906739482335
'Xavier Bettel',de,Luxemburg,#6618e9,#888888,1,0.0351256288191884
'Martin Horn',de,Freiburg,#18e818,#888888,1,0.03405343679500818
'WorldCup',de,Qatar,#4D0E00,#888888,1,0.0326194766619318
'Martin Sonneborn',de,Deutschland,#e81818,#888888,1,0.0164794392784805
'Gaston Vogel',de,Luxemburg,#f16188,#888888,1,0.0002957646637124
