keyword,language,topic,topicColor,keywordColor,limitPages,ratioNew
'SC Freiburg',de,Bundesliga,#EB0000,#888888,3,0.1157595696923612
'Die PARTEI',de,Freiburg,#181818,#888888,3,0.0335630413591221
'Die PARTEI',de,Deutschland,#1818e8,#888888,3,0.0335560381131171
'Weinlese',de,Luxemburg,#219100,#888888,2,0.030767117039255
'Martin Sonneborn',de,Deutschland,#e81818,#888888,1,0.0149495914448001
'Martin Horn',de,Freiburg,#18e818,#888888,2,0.0132564238787339
'Xavier Bettel',de,Luxemburg,#6618e9,#888888,1,0.0028637524397962
'WorldCup',de,Qatar,#4D0E00,#888888,1,0.0014228829875041
'Gaston Vogel',de,Luxemburg,#f16188,#888888,1,6.013700160688074e-12
