keyword,language,topic,topicColor,keywordColor,limitPages,ratioNew
'SC Freiburg',de,Bundesliga,#EB0000,#888888,3,0.0843453166739819
'Martin Sonneborn',de,Deutschland,#e81818,#888888,1,0.0345074802858312
'Weinlese',de,Luxemburg,#219100,#888888,2,0.033852730596166
'Die PARTEI',de,Freiburg,#181818,#888888,3,0.0335905636387096
'Die PARTEI',de,Deutschland,#1818e8,#888888,3,0.0335752308291039
'Martin Horn',de,Freiburg,#18e818,#888888,1,0.0102889698694672
'WorldCup',de,Qatar,#4D0E00,#888888,1,0.0044704797525568
'Xavier Bettel',de,Luxemburg,#6618e9,#888888,1,0.0016954104714012
'Gaston Vogel',de,Luxemburg,#f16188,#888888,1,4.4652376922908217e-13
