keyword,language,topic,topicColor,keywordColor,limitPages,ratioNew
'Die PARTEI',de,Deutschland,#1818e8,#888888,3,0.19308358885078197
'Die PARTEI',de,Freiburg,#181818,#888888,3,0.176941550777866
'Martin Sonneborn',de,Deutschland,#e81818,#888888,1,0.1459616376461392
'Martin Horn',de,Freiburg,#18e818,#888888,2,0.1305700617146595
'SC Freiburg',de,Bundesliga,#EB0000,#888888,3,0.1180957756268549
'Weinlese',de,Luxemburg,#219100,#888888,1,0.10173405674292
'WorldCup',de,Qatar,#4D0E00,#888888,1,0.05424099792159
'Xavier Bettel',de,Luxemburg,#6618e9,#888888,1,0.0222718410298299
'Gaston Vogel',de,Luxemburg,#f16188,#888888,1,0.0171978098522076
