keyword,language,topic,topicColor,keywordColor,limitPages,ratioNew
'Die PARTEI',de,Deutschland,#1818e8,#888888,3,0.2820594866208973
'SC Freiburg',de,Bundesliga,#EB0000,#888888,2,0.2675992967219933
'Martin Horn',de,Freiburg,#18e818,#888888,1,0.2545898159972223
'Martin Sonneborn',de,Deutschland,#e81818,#888888,1,0.2336917572560469
'Weinlese',de,Luxemburg,#219100,#888888,1,0.227403584842026
'Die PARTEI',de,Freiburg,#181818,#888888,3,0.2242668817767744
'Gaston Vogel',de,Luxemburg,#f16188,#888888,1,0.1968744043407224
'WorldCup',de,Qatar,#4D0E00,#888888,1,0.1595341292781744
'Xavier Bettel',de,Luxemburg,#6618e9,#888888,1,0.1445156008075395
