keyword,language,topic,topicColor,keywordColor,limitPages,ratioNew
'SC Freiburg',de,Bundesliga,#EB0000,#888888,3,0.10974478008636643
'Die PARTEI',de,Freiburg,#181818,#888888,3,0.0334087913815685
'Die PARTEI',de,Deutschland,#1818e8,#888888,3,0.0333853958739566
'Martin Horn',de,Freiburg,#18e818,#888888,2,0.0200666007365636
'Xavier Bettel',de,Luxemburg,#6618e9,#888888,1,0.0129883653140766
'Weinlese',de,Luxemburg,#219100,#888888,1,0.0068305416244642
'Martin Sonneborn',de,Deutschland,#e81818,#888888,1,0.0027720552523541
'WorldCup',de,Qatar,#4D0E00,#888888,1,0.000984154447185
'Gaston Vogel',de,Luxemburg,#f16188,#888888,1,6.9294666022721734e-15
