keyword,language,topic,topicColor,keywordColor,limitPages,ratioNew
'Die PARTEI',de,Deutschland,#1818e8,#888888,3,0.21592854624156177
'Die PARTEI',de,Freiburg,#181818,#888888,3,0.1820854801266469
'Martin Sonneborn',de,Deutschland,#e81818,#888888,1,0.1459616376461392
'SC Freiburg',de,Bundesliga,#EB0000,#888888,3,0.1331081242668882
'Martin Horn',de,Freiburg,#18e818,#888888,2,0.1305700617146595
'Weinlese',de,Luxemburg,#219100,#888888,1,0.1193341491093177
'WorldCup',de,Qatar,#4D0E00,#888888,1,0.0693122237669068
'Gaston Vogel',de,Luxemburg,#f16188,#888888,1,0.0238031970272771
'Xavier Bettel',de,Luxemburg,#6618e9,#888888,1,0.0222718410298299
