keyword,language,topic,topicColor,keywordColor,limitPages,ratioNew
'SC Freiburg',de,Bundesliga,#EB0000,#888888,4,0.41029290530992096
'Die PARTEI',de,Deutschland,#1818e8,#888888,4,0.397984152073131
'Martin Sonneborn',de,Deutschland,#e81818,#888888,1,0.3780144154790099
'Weinlese',de,Luxemburg,#219100,#888888,1,0.3510857320090059
'Martin Horn',de,Freiburg,#18e818,#888888,1,0.335462760203768
'WorldCup',de,Qatar,#4D0E00,#888888,1,0.3232950516972896
'Xavier Bettel',de,Luxemburg,#6618e9,#888888,1,0.3230175239472896
'Gaston Vogel',de,Luxemburg,#f16188,#888888,1,0.3205770882812498
'Die PARTEI',de,Freiburg,#181818,#888888,4,0.2573147151361459
