keyword,language,topic,topicColor,keywordColor,limitPages,ratioNew
'SC Freiburg',de,Bundesliga,#EB0000,#888888,3,0.0693719961742733
'Die PARTEI',de,Freiburg,#181818,#888888,3,0.0335479013556576
'Die PARTEI',de,Deutschland,#1818e8,#888888,3,0.0334888824303149
'Weinlese',de,Luxemburg,#219100,#888888,1,0.0276822941406985
'Martin Horn',de,Freiburg,#18e818,#888888,1,0.016112028040740696
'Xavier Bettel',de,Luxemburg,#6618e9,#888888,1,0.0111103783649811
'Martin Sonneborn',de,Deutschland,#e81818,#888888,1,0.0015235208450859
'WorldCup',de,Qatar,#4D0E00,#888888,1,0.0002708790548981
'Gaston Vogel',de,Luxemburg,#f16188,#888888,1,8.378105796950723e-16
