keyword,language,topic,topicColor,keywordColor,limitPages,ratioNew
'SC Freiburg',de,Bundesliga,#EB0000,#888888,3,0.07610232112691159
'Die PARTEI',de,Deutschland,#1818e8,#888888,3,0.0333865349181197
'Die PARTEI',de,Freiburg,#181818,#888888,3,0.0333862031958392
'Weinlese',de,Luxemburg,#219100,#888888,1,0.0282767888021807
'Martin Horn',de,Freiburg,#18e818,#888888,1,0.0177275125020324
'Xavier Bettel',de,Luxemburg,#6618e9,#888888,1,0.0091557816982287
'Martin Sonneborn',de,Deutschland,#e81818,#888888,1,0.0074769090598408
'WorldCup',de,Qatar,#4D0E00,#888888,1,8.70396286027e-05
'Gaston Vogel',de,Luxemburg,#f16188,#888888,1,4.023629442379262e-07
