keyword,language,topic,topicColor,keywordColor,limitPages,ratioNew
'SC Freiburg',de,Bundesliga,#EB0000,#888888,3,0.0936551475386781
'Die PARTEI',de,Freiburg,#181818,#888888,3,0.03353191790502159
'Die PARTEI',de,Deutschland,#1818e8,#888888,3,0.0334937372408691
'Martin Sonneborn',de,Deutschland,#e81818,#888888,1,0.0212614866281939
'Martin Horn',de,Freiburg,#18e818,#888888,1,0.0171023434368711
'Weinlese',de,Luxemburg,#219100,#888888,1,0.0076037670322239
'Xavier Bettel',de,Luxemburg,#6618e9,#888888,1,0.001000685387629
'WorldCup',de,Qatar,#4D0E00,#888888,1,8.523814318946999e-05
'Gaston Vogel',de,Luxemburg,#f16188,#888888,1,1.873270978667097e-05
