keyword,language,topic,topicColor,keywordColor,limitPages,ratioNew
'SC Freiburg',de,Bundesliga,#EB0000,#888888,3,0.1223122965078725
'Weinlese',de,Luxemburg,#219100,#888888,2,0.0406390950511359
'Die PARTEI',de,Freiburg,#181818,#888888,3,0.0362398355922546
'Die PARTEI',de,Deutschland,#1818e8,#888888,3,0.0334239132805902
'Martin Sonneborn',de,Deutschland,#e81818,#888888,1,0.0249095447030857
'Xavier Bettel',de,Luxemburg,#6618e9,#888888,1,0.0245045394142369
'Martin Horn',de,Freiburg,#18e818,#888888,1,0.0138175812277469
'WorldCup',de,Qatar,#4D0E00,#888888,1,0.0010792471321076
'Gaston Vogel',de,Luxemburg,#f16188,#888888,1,3.712203561739762e-10
