keyword,language,topic,topicColor,keywordColor,limitPages,ratioNew
'SC Freiburg',de,Bundesliga,#EB0000,#888888,3,0.0967118601344628
'Die PARTEI',de,Deutschland,#1818e8,#888888,3,0.03344580961506305
'Die PARTEI',de,Freiburg,#181818,#888888,3,0.0334420698160602
'Weinlese',de,Luxemburg,#219100,#888888,1,0.0311115319426853
'Martin Sonneborn',de,Deutschland,#e81818,#888888,1,0.0258211183863175
'Martin Horn',de,Freiburg,#18e818,#888888,1,0.0134234022039335
'Xavier Bettel',de,Luxemburg,#6618e9,#888888,1,0.0029638000559987
'Gaston Vogel',de,Luxemburg,#f16188,#888888,1,0.0010051099759083
'WorldCup',de,Qatar,#4D0E00,#888888,1,0.0006066127739659
