keyword,language,topic,topicColor,keywordColor,limitPages,ratioNew
'SC Freiburg',de,Bundesliga,#EB0000,#888888,3,0.1706441699267752
'Weinlese',de,Luxemburg,#219100,#888888,1,0.06679237174181034
'Die PARTEI',de,Deutschland,#1818e8,#888888,3,0.0334303868517255
'Die PARTEI',de,Freiburg,#181818,#888888,3,0.033424810357642
'Martin Horn',de,Freiburg,#18e818,#888888,1,0.0195584651302603
'Xavier Bettel',de,Luxemburg,#6618e9,#888888,1,0.0153427727323137
'Martin Sonneborn',de,Deutschland,#e81818,#888888,1,0.0113578671142044
'WorldCup',de,Qatar,#4D0E00,#888888,1,0.0017990459846998
'Gaston Vogel',de,Luxemburg,#f16188,#888888,1,3.3905572798205756e-09
