keyword,language,topic,topicColor,keywordColor,limitPages,ratioNew
'Martin Sonneborn',de,Deutschland,#e81818,#888888,1,0.1070999474493355
'Die PARTEI',de,Freiburg,#181818,#888888,3,0.097012588197189
'SC Freiburg',de,Bundesliga,#EB0000,#888888,3,0.0876053632234782
'Die PARTEI',de,Deutschland,#1818e8,#888888,3,0.08743805228786425
'Weinlese',de,Luxemburg,#219100,#888888,1,0.086923993231482
'Martin Horn',de,Freiburg,#18e818,#888888,2,0.0859130544880151
'WorldCup',de,Qatar,#4D0E00,#888888,1,0.0433520372483486
'Xavier Bettel',de,Luxemburg,#6618e9,#888888,1,0.0049794366479821
'Gaston Vogel',de,Luxemburg,#f16188,#888888,1,0.001767413235166
