keyword,language,topic,topicColor,keywordColor,limitPages,ratioNew
'SC Freiburg',de,Bundesliga,#EB0000,#888888,4,0.5819925702912614
'Xavier Bettel',de,Luxemburg,#6618e9,#888888,1,0.445930713767875
'Gaston Vogel',de,Luxemburg,#f16188,#888888,1,0.4437053124999999
'Weinlese',de,Luxemburg,#219100,#888888,1,0.4123360847164776
'Die PARTEI',de,Freiburg,#181818,#888888,3,0.397988602481003
'Die PARTEI',de,Deutschland,#1818e8,#888888,4,0.39798415207313104
'Martin Horn',de,Freiburg,#18e818,#888888,1,0.3916617708279624
'Martin Sonneborn',de,Deutschland,#e81818,#888888,1,0.3780144154790099
'WorldCup',de,Qatar,#4D0E00,#888888,1,0.3232950516972896
