keyword,language,topic,topicColor,keywordColor,limitPages,ratioNew
'SC Freiburg',de,Bundesliga,#EB0000,#888888,3,0.13619508246864137
'Weinlese',de,Luxemburg,#219100,#888888,1,0.0393014797274071
'Die PARTEI',de,Freiburg,#181818,#888888,3,0.0339454393206988
'Die PARTEI',de,Deutschland,#1818e8,#888888,3,0.0334239132805902
'Xavier Bettel',de,Luxemburg,#6618e9,#888888,2,0.0248090196512123
'Martin Horn',de,Freiburg,#18e818,#888888,1,0.0127651064295164
'Martin Sonneborn',de,Deutschland,#e81818,#888888,1,0.0095446377192079
'WorldCup',de,Qatar,#4D0E00,#888888,1,0.000921973900477
'Gaston Vogel',de,Luxemburg,#f16188,#888888,1,4.4882580384866674e-11
