keyword,language,topic,topicColor,keywordColor,limitPages,ratioNew
'SC Freiburg',de,Bundesliga,#EB0000,#888888,3,0.0853333315224079
'Weinlese',de,Luxemburg,#219100,#888888,1,0.03501900939366091
'Die PARTEI',de,Freiburg,#181818,#888888,3,0.0334068906630124
'Die PARTEI',de,Deutschland,#1818e8,#888888,3,0.0333986863525577
'Martin Horn',de,Freiburg,#18e818,#888888,1,0.021423242805229
'Xavier Bettel',de,Luxemburg,#6618e9,#888888,1,0.014243624442465
'Martin Sonneborn',de,Deutschland,#e81818,#888888,1,0.0097657417013489
'WorldCup',de,Qatar,#4D0E00,#888888,1,0.0007198980462836
'Gaston Vogel',de,Luxemburg,#f16188,#888888,1,5.418950275807517e-06
