keyword,language,topic,topicColor,keywordColor,limitPages,ratioNew
'SC Freiburg',de,Bundesliga,#EB0000,#888888,3,0.068289390445342
'Die PARTEI',de,Freiburg,#181818,#888888,3,0.033660026827231425
'Die PARTEI',de,Deutschland,#1818e8,#888888,3,0.0336351391964175
'Martin Sonneborn',de,Deutschland,#e81818,#888888,1,0.0331930670757913
'Martin Horn',de,Freiburg,#18e818,#888888,1,0.0094443977239018
'Weinlese',de,Luxemburg,#219100,#888888,1,0.0049252970131147
'Xavier Bettel',de,Luxemburg,#6618e9,#888888,1,0.0016788430106114
'WorldCup',de,Qatar,#4D0E00,#888888,1,0.0016024426481125
'Gaston Vogel',de,Luxemburg,#f16188,#888888,1,1.4294480494104645e-07
