keyword,language,topic,topicColor,keywordColor,limitPages,ratioNew
'SC Freiburg',de,Bundesliga,#EB0000,#888888,3,0.12999316581175316
'Die PARTEI',de,Freiburg,#181818,#888888,3,0.0334696946507326
'Die PARTEI',de,Deutschland,#1818e8,#888888,3,0.0334551429234327
'Xavier Bettel',de,Luxemburg,#6618e9,#888888,1,0.0244005168383137
'Weinlese',de,Luxemburg,#219100,#888888,1,0.0187394747076178
'Martin Horn',de,Freiburg,#18e818,#888888,1,0.0141820484165357
'Martin Sonneborn',de,Deutschland,#e81818,#888888,1,0.0062475142268084
'WorldCup',de,Qatar,#4D0E00,#888888,1,0.000370362586161
'Gaston Vogel',de,Luxemburg,#f16188,#888888,1,6.56099770665067e-13
