keyword,language,topic,topicColor,keywordColor,limitPages,ratioNew
'SC Freiburg',de,Bundesliga,#EB0000,#888888,3,0.0715029928560351
'Weinlese',de,Luxemburg,#219100,#888888,1,0.0459194083486717
'Die PARTEI',de,Freiburg,#181818,#888888,3,0.033544745486371
'Die PARTEI',de,Deutschland,#1818e8,#888888,3,0.0335423977396677
'Martin Horn',de,Freiburg,#18e818,#888888,1,0.0095595374868856
'Martin Sonneborn',de,Deutschland,#e81818,#888888,1,0.0080840300906884
'Xavier Bettel',de,Luxemburg,#6618e9,#888888,1,0.0014435997523631
'WorldCup',de,Qatar,#4D0E00,#888888,1,0.0001230126741524
'Gaston Vogel',de,Luxemburg,#f16188,#888888,1,1.09230729349739e-15
