keyword,language,topic,topicColor,keywordColor,limitPages,ratioNew
'SC Freiburg',de,Bundesliga,#EB0000,#888888,3,0.11691004672089095
'Martin Sonneborn',de,Deutschland,#e81818,#888888,1,0.0397444021673844
'Die PARTEI',de,Deutschland,#1818e8,#888888,3,0.0343409685537265
'Die PARTEI',de,Freiburg,#181818,#888888,3,0.0334970507420726
'Martin Horn',de,Freiburg,#18e818,#888888,2,0.0175885737905754
'Weinlese',de,Luxemburg,#219100,#888888,1,0.0123769594042468
'Xavier Bettel',de,Luxemburg,#6618e9,#888888,1,0.0065401116853035
'WorldCup',de,Qatar,#4D0E00,#888888,1,0.0003905721139789
'Gaston Vogel',de,Luxemburg,#f16188,#888888,1,1.6951184755016376e-17
