keyword,language,topic,topicColor,keywordColor,limitPages,ratioNew
'SC Freiburg',de,Bundesliga,#EB0000,#888888,3,0.0738566482352212
'Die PARTEI',de,Freiburg,#181818,#888888,3,0.0335565552797425
'Die PARTEI',de,Deutschland,#1818e8,#888888,3,0.0335447620466679
'Weinlese',de,Luxemburg,#219100,#888888,1,0.0232415649260366
'Martin Horn',de,Freiburg,#18e818,#888888,1,0.0095595374868856
'Martin Sonneborn',de,Deutschland,#e81818,#888888,1,0.007922229518457
'Xavier Bettel',de,Luxemburg,#6618e9,#888888,1,0.0006394232380743
'WorldCup',de,Qatar,#4D0E00,#888888,1,0.0002772395792592
'Gaston Vogel',de,Luxemburg,#f16188,#888888,1,2.896218205894428e-15
