keyword,language,topic,topicColor,keywordColor,limitPages,ratioNew
'SC Freiburg',de,Bundesliga,#EB0000,#888888,3,0.07343591318722013
'Die PARTEI',de,Freiburg,#181818,#888888,3,0.0334685043881653
'Die PARTEI',de,Deutschland,#1818e8,#888888,3,0.0334532287384445
'Martin Sonneborn',de,Deutschland,#e81818,#888888,1,0.0269675521594696
'Martin Horn',de,Freiburg,#18e818,#888888,1,0.0208378751995266
'Weinlese',de,Luxemburg,#219100,#888888,1,0.0090707818148951
'Xavier Bettel',de,Luxemburg,#6618e9,#888888,1,0.00220605729689
'WorldCup',de,Qatar,#4D0E00,#888888,1,0.0009714834309883
'Gaston Vogel',de,Luxemburg,#f16188,#888888,1,0.0009258622729027
