keyword,language,topic,topicColor,keywordColor,limitPages,ratioNew
'SC Freiburg',de,Bundesliga,#EB0000,#888888,3,0.0784775527563085
'Die PARTEI',de,Deutschland,#1818e8,#888888,3,0.033541627191902554
'Die PARTEI',de,Freiburg,#181818,#888888,3,0.0335270747696359
'Weinlese',de,Luxemburg,#219100,#888888,2,0.0287123933226556
'Martin Sonneborn',de,Deutschland,#e81818,#888888,2,0.017991873626021
'Martin Horn',de,Freiburg,#18e818,#888888,1,0.01171305162204
'Xavier Bettel',de,Luxemburg,#6618e9,#888888,1,0.0028637524397962
'WorldCup',de,Qatar,#4D0E00,#888888,1,0.0008942419535289
'Gaston Vogel',de,Luxemburg,#f16188,#888888,1,9.792306388256584e-12
