keyword,language,topic,topicColor,keywordColor,limitPages,ratioNew
'SC Freiburg',de,Bundesliga,#EB0000,#888888,3,0.0892770929971447
'Die PARTEI',de,Freiburg,#181818,#888888,3,0.0874552049676106
'Die PARTEI',de,Deutschland,#1818e8,#888888,3,0.0874380522878642
'Weinlese',de,Luxemburg,#219100,#888888,1,0.086923993231482
'Martin Sonneborn',de,Deutschland,#e81818,#888888,1,0.0782122952821448
'Martin Horn',de,Freiburg,#18e818,#888888,2,0.07572636631481285
'WorldCup',de,Qatar,#4D0E00,#888888,1,0.0433520372483486
'Xavier Bettel',de,Luxemburg,#6618e9,#888888,1,0.0043825361507847
'Gaston Vogel',de,Luxemburg,#f16188,#888888,1,0.001767413235166
