keyword,language,topic,topicColor,keywordColor,limitPages,ratioNew
'SC Freiburg',de,Bundesliga,#EB0000,#888888,3,0.1018547072941316
'Die PARTEI',de,Freiburg,#181818,#888888,3,0.0336830503366092
'Die PARTEI',de,Deutschland,#1818e8,#888888,3,0.0336608726874397
'Martin Sonneborn',de,Deutschland,#e81818,#888888,1,0.0221642452554203
'Martin Horn',de,Freiburg,#18e818,#888888,1,0.008338728855519
'Xavier Bettel',de,Luxemburg,#6618e9,#888888,2,0.0055532216388916
'Weinlese',de,Luxemburg,#219100,#888888,1,0.0049252970131147
'WorldCup',de,Qatar,#4D0E00,#888888,1,0.0020580876567939
'Gaston Vogel',de,Luxemburg,#f16188,#888888,1,2.392084732741393e-08
