keyword,language,topic,topicColor,keywordColor,limitPages,ratioNew
'SC Freiburg',de,Bundesliga,#EB0000,#888888,3,0.1063220977198765
'Martin Sonneborn',de,Deutschland,#e81818,#888888,1,0.0340152151765225
'Die PARTEI',de,Deutschland,#1818e8,#888888,3,0.0334422788637856
'Die PARTEI',de,Freiburg,#181818,#888888,3,0.0334411443436511
'Weinlese',de,Luxemburg,#219100,#888888,1,0.025125846578590124
'Martin Horn',de,Freiburg,#18e818,#888888,1,0.0124736855923418
'Xavier Bettel',de,Luxemburg,#6618e9,#888888,1,0.0029638000559987
'Gaston Vogel',de,Luxemburg,#f16188,#888888,1,0.0016811969374988
'WorldCup',de,Qatar,#4D0E00,#888888,1,0.0003725360698117
