keyword,language,topic,topicColor,keywordColor,limitPages,ratioNew
'SC Freiburg',de,Bundesliga,#EB0000,#888888,3,0.0450303578441651
'Die PARTEI',de,Freiburg,#181818,#888888,3,0.0336007068903158
'Die PARTEI',de,Deutschland,#1818e8,#888888,3,0.0335164716547387
'Martin Sonneborn',de,Deutschland,#e81818,#888888,2,0.032362425466938
'Martin Horn',de,Freiburg,#18e818,#888888,1,0.0137620525381684
'Weinlese',de,Luxemburg,#219100,#888888,1,0.0076037670322239
'Xavier Bettel',de,Luxemburg,#6618e9,#888888,1,0.0010004595011776
'WorldCup',de,Qatar,#4D0E00,#888888,1,0.00030485314575411
'Gaston Vogel',de,Luxemburg,#f16188,#888888,1,6.005277559028656e-06
