keyword,language,topic,topicColor,keywordColor,limitPages,ratioNew
'Martin Sonneborn',de,Deutschland,#e81818,#888888,1,0.2336917572560469
'SC Freiburg',de,Bundesliga,#EB0000,#888888,3,0.2336483715180037
'Die PARTEI',de,Deutschland,#1818e8,#888888,3,0.2305490720835982
'Weinlese',de,Luxemburg,#219100,#888888,1,0.227403584842026
'Die PARTEI',de,Freiburg,#181818,#888888,3,0.1751556299473557
'WorldCup',de,Qatar,#4D0E00,#888888,1,0.1595341292781744
'Martin Horn',de,Freiburg,#18e818,#888888,1,0.1415022230256499
'Xavier Bettel',de,Luxemburg,#6618e9,#888888,1,0.1231382906864085
'Gaston Vogel',de,Luxemburg,#f16188,#888888,1,0.1209054935657461
