keyword,language,topic,topicColor,keywordColor,limitPages,ratioNew
'SC Freiburg',de,Bundesliga,#EB0000,#888888,3,0.1005441010583914
'Die PARTEI',de,Freiburg,#181818,#888888,3,0.03355567194060854
'Die PARTEI',de,Deutschland,#1818e8,#888888,3,0.0335400190953998
'Weinlese',de,Luxemburg,#219100,#888888,1,0.0232415649260366
'Martin Horn',de,Freiburg,#18e818,#888888,1,0.0093051441022184
'Martin Sonneborn',de,Deutschland,#e81818,#888888,1,0.0082344050915715
'Xavier Bettel',de,Luxemburg,#6618e9,#888888,1,0.0007522626330287
'WorldCup',de,Qatar,#4D0E00,#888888,1,0.0006248281718723
'Gaston Vogel',de,Luxemburg,#f16188,#888888,1,7.679230877692918e-15
