keyword,language,topic,topicColor,keywordColor,limitPages,ratioNew
'SC Freiburg',de,Bundesliga,#EB0000,#888888,3,0.08243306919508364
'Weinlese',de,Luxemburg,#219100,#888888,2,0.0729588994107787
'Die PARTEI',de,Freiburg,#181818,#888888,3,0.0340335403772928
'Die PARTEI',de,Deutschland,#1818e8,#888888,3,0.0334239132805902
'Xavier Bettel',de,Luxemburg,#6618e9,#888888,3,0.0274851081677681
'Martin Horn',de,Freiburg,#18e818,#888888,1,0.0132450940435848
'Martin Sonneborn',de,Deutschland,#e81818,#888888,1,0.0110524973167152
'WorldCup',de,Qatar,#4D0E00,#888888,1,0.0009081869417377
'Gaston Vogel',de,Luxemburg,#f16188,#888888,1,6.212121852576703e-11
