keyword,language,topic,topicColor,keywordColor,limitPages,ratioNew
'SC Freiburg',de,Bundesliga,#EB0000,#888888,3,0.2336483715180037
'Die PARTEI',de,Deutschland,#1818e8,#888888,3,0.2305490720835982
'Martin Sonneborn',de,Deutschland,#e81818,#888888,1,0.1992380536676398
'Weinlese',de,Luxemburg,#219100,#888888,1,0.1934430621157221
'Die PARTEI',de,Freiburg,#181818,#888888,3,0.1751556299473557
'WorldCup',de,Qatar,#4D0E00,#888888,1,0.1595341292781744
'Martin Horn',de,Freiburg,#18e818,#888888,1,0.1415022230256499
'Gaston Vogel',de,Luxemburg,#f16188,#888888,1,0.10276966953088419
'Xavier Bettel',de,Luxemburg,#6618e9,#888888,1,0.0895224705209301
