keyword,language,topic,topicColor,keywordColor,limitPages,ratioNew
'SC Freiburg',de,Bundesliga,#EB0000,#888888,3,0.1386691754442626
'Die PARTEI',de,Freiburg,#181818,#888888,3,0.0334696946507326
'Die PARTEI',de,Deutschland,#1818e8,#888888,3,0.0334551429234327
'Xavier Bettel',de,Luxemburg,#6618e9,#888888,1,0.025529702162722
'Weinlese',de,Luxemburg,#219100,#888888,1,0.0187394747076178
'Martin Horn',de,Freiburg,#18e818,#888888,1,0.0141820484165357
'Martin Sonneborn',de,Deutschland,#e81818,#888888,1,0.0062475142268084
'WorldCup',de,Qatar,#4D0E00,#888888,1,0.0005126125760015
'Gaston Vogel',de,Luxemburg,#f16188,#888888,1,7.718820831353726e-13
