keyword,language,topic,topicColor,keywordColor,limitPages,ratioNew
'SC Freiburg',de,Bundesliga,#EB0000,#888888,3,0.119583112799376
'Die PARTEI',de,Freiburg,#181818,#888888,3,0.0334455146733764
'Die PARTEI',de,Deutschland,#1818e8,#888888,3,0.03344389976218
'Martin Horn',de,Freiburg,#18e818,#888888,1,0.026521882480947
'Xavier Bettel',de,Luxemburg,#6618e9,#888888,1,0.0217922896656816
'Weinlese',de,Luxemburg,#219100,#888888,1,0.0151594324762538
'Martin Sonneborn',de,Deutschland,#e81818,#888888,1,0.004513829028869
'WorldCup',de,Qatar,#4D0E00,#888888,1,0.0001643318470307
'Gaston Vogel',de,Luxemburg,#f16188,#888888,1,1.787809709865326e-13
