keyword,language,topic,topicColor,keywordColor,limitPages,ratioNew
'SC Freiburg',de,Bundesliga,#EB0000,#888888,3,0.06584054381938324
'Weinlese',de,Luxemburg,#219100,#888888,2,0.0461592466257214
'Martin Sonneborn',de,Deutschland,#e81818,#888888,1,0.0395116193387307
'Die PARTEI',de,Freiburg,#181818,#888888,3,0.0335908219278937
'Die PARTEI',de,Deutschland,#1818e8,#888888,3,0.0335704129519299
'Martin Horn',de,Freiburg,#18e818,#888888,1,0.0111678171203699
'WorldCup',de,Qatar,#4D0E00,#888888,1,0.0030871093675449
'Xavier Bettel',de,Luxemburg,#6618e9,#888888,1,0.0023465888877526
'Gaston Vogel',de,Luxemburg,#f16188,#888888,1,1.39287486708138e-12
