keyword,language,topic,topicColor,keywordColor,limitPages,ratioNew
'SC Freiburg',de,Bundesliga,#EB0000,#888888,3,0.0479966998148515
'Die PARTEI',de,Freiburg,#181818,#888888,3,0.0334800501298925
'Die PARTEI',de,Deutschland,#1818e8,#888888,3,0.0334608085135261
'Martin Sonneborn',de,Deutschland,#e81818,#888888,1,0.0218367254449341
'Martin Horn',de,Freiburg,#18e818,#888888,1,0.0208378751995266
'Weinlese',de,Luxemburg,#219100,#888888,1,0.008155986995556294
'Xavier Bettel',de,Luxemburg,#6618e9,#888888,1,0.0011773984603863
'WorldCup',de,Qatar,#4D0E00,#888888,1,0.0004329569578894
'Gaston Vogel',de,Luxemburg,#f16188,#888888,1,0.0001549367959571
