keyword,language,topic,topicColor,keywordColor,limitPages,ratioNew
'SC Freiburg',de,Bundesliga,#EB0000,#888888,3,0.2104071095962502
'Die PARTEI',de,Freiburg,#181818,#888888,3,0.0334438367056809
'Die PARTEI',de,Deutschland,#1818e8,#888888,3,0.033441435718289086
'Martin Sonneborn',de,Deutschland,#e81818,#888888,1,0.0301128831087648
'Martin Horn',de,Freiburg,#18e818,#888888,1,0.0084298613310879
'Xavier Bettel',de,Luxemburg,#6618e9,#888888,1,0.0078344827870363
'Weinlese',de,Luxemburg,#219100,#888888,1,0.005561458693054
'WorldCup',de,Qatar,#4D0E00,#888888,1,0.004770113470035
'Gaston Vogel',de,Luxemburg,#f16188,#888888,1,5.372165068069477e-08
