keyword,language,topic,topicColor,keywordColor,limitPages,ratioNew
'SC Freiburg',de,Bundesliga,#EB0000,#888888,3,0.089038498287802
'Die PARTEI',de,Freiburg,#181818,#888888,3,0.0335600695552349
'Die PARTEI',de,Deutschland,#1818e8,#888888,3,0.0335400190953998
'Weinlese',de,Luxemburg,#219100,#888888,2,0.0273428763835725
'Martin Horn',de,Freiburg,#18e818,#888888,1,0.0093051441022184
'Martin Sonneborn',de,Deutschland,#e81818,#888888,1,0.0088050942253783
'Xavier Bettel',de,Luxemburg,#6618e9,#888888,1,0.0008850148623868
'WorldCup',de,Qatar,#4D0E00,#888888,1,0.0008648140787161
'Gaston Vogel',de,Luxemburg,#f16188,#888888,1,9.03438926787402e-15
