keyword,language,topic,topicColor,keywordColor,limitPages,ratioNew
'SC Freiburg',de,Bundesliga,#EB0000,#888888,3,0.0681508825383988
'Die PARTEI',de,Freiburg,#181818,#888888,3,0.03359628514158047
'Die PARTEI',de,Deutschland,#1818e8,#888888,3,0.0335938245567642
'Martin Sonneborn',de,Deutschland,#e81818,#888888,1,0.0171237781970411
'Weinlese',de,Luxemburg,#219100,#888888,1,0.0159715774832204
'Xavier Bettel',de,Luxemburg,#6618e9,#888888,1,0.0109482462508222
'Martin Horn',de,Freiburg,#18e818,#888888,1,0.0085274874708955
'WorldCup',de,Qatar,#4D0E00,#888888,1,0.0028662780607068
'Gaston Vogel',de,Luxemburg,#f16188,#888888,1,2.458337574737067e-09
