keyword,language,topic,topicColor,keywordColor,limitPages,ratioNew
'Weinlese',de,Luxemburg,#219100,#888888,1,0.0593495145931144
'SC Freiburg',de,Bundesliga,#EB0000,#888888,3,0.0554061216202214
'Die PARTEI',de,Freiburg,#181818,#888888,3,0.0335128886719442
'Die PARTEI',de,Deutschland,#1818e8,#888888,3,0.0334166615189336
'Martin Horn',de,Freiburg,#18e818,#888888,1,0.0165385630321671
'Xavier Bettel',de,Luxemburg,#6618e9,#888888,1,0.0118356157235072
'Martin Sonneborn',de,Deutschland,#e81818,#888888,1,0.0015235208450859
'WorldCup',de,Qatar,#4D0E00,#888888,1,0.0005189191794125
'Gaston Vogel',de,Luxemburg,#f16188,#888888,1,8.378105796950723e-16
