keyword,language,topic,topicColor,keywordColor,limitPages,ratioNew
'SC Freiburg',de,Bundesliga,#EB0000,#888888,3,0.0849754393726912
'Die PARTEI',de,Freiburg,#181818,#888888,3,0.03339064066765092
'Die PARTEI',de,Deutschland,#1818e8,#888888,3,0.0333826805712048
'Weinlese',de,Luxemburg,#219100,#888888,2,0.0295177673249942
'Martin Horn',de,Freiburg,#18e818,#888888,1,0.0145544003278105
'Martin Sonneborn',de,Deutschland,#e81818,#888888,1,0.0065053877008646
'Xavier Bettel',de,Luxemburg,#6618e9,#888888,1,0.0057354583688608
'WorldCup',de,Qatar,#4D0E00,#888888,1,0.0005652953508361
'Gaston Vogel',de,Luxemburg,#f16188,#888888,1,6.733272022927799e-08
