keyword,language,topic,topicColor,keywordColor,limitPages,ratioNew
'SC Freiburg',de,Bundesliga,#EB0000,#888888,3,0.0806580831667038
'Die PARTEI',de,Deutschland,#1818e8,#888888,3,0.0333892587271997
'Die PARTEI',de,Freiburg,#181818,#888888,3,0.03338720964216382
'Weinlese',de,Luxemburg,#219100,#888888,1,0.0282767888021807
'Martin Horn',de,Freiburg,#18e818,#888888,1,0.0177275125020324
'Xavier Bettel',de,Luxemburg,#6618e9,#888888,1,0.0104185314096809
'Martin Sonneborn',de,Deutschland,#e81818,#888888,1,0.0084433871292245
'WorldCup',de,Qatar,#4D0E00,#888888,1,8.70396286027e-05
'Gaston Vogel',de,Luxemburg,#f16188,#888888,1,4.733681696916779e-07
