keyword,language,topic,topicColor,keywordColor,limitPages,ratioNew
'SC Freiburg',de,Bundesliga,#EB0000,#888888,3,0.1156100547076604
'Die PARTEI',de,Deutschland,#1818e8,#888888,3,0.1082325194295699
'Martin Sonneborn',de,Deutschland,#e81818,#888888,1,0.1070999474493355
'Martin Horn',de,Freiburg,#18e818,#888888,1,0.0970149523388414
'Die PARTEI',de,Freiburg,#181818,#888888,3,0.097012588197189
'Weinlese',de,Luxemburg,#219100,#888888,1,0.086923993231482
'WorldCup',de,Qatar,#4D0E00,#888888,1,0.0433520372483486
'Xavier Bettel',de,Luxemburg,#6618e9,#888888,1,0.0065078323847504
'Gaston Vogel',de,Luxemburg,#f16188,#888888,1,0.00398330420072733
