keyword,language,topic,topicColor,keywordColor,limitPages,ratioNew
'SC Freiburg',de,Bundesliga,#EB0000,#888888,3,0.0830615717514973
'Weinlese',de,Luxemburg,#219100,#888888,2,0.0473617696431047
'Die PARTEI',de,Freiburg,#181818,#888888,3,0.0335905636387096
'Die PARTEI',de,Deutschland,#1818e8,#888888,3,0.033563721204738314
'Martin Sonneborn',de,Deutschland,#e81818,#888888,1,0.0303814632429565
'Martin Horn',de,Freiburg,#18e818,#888888,1,0.0099457443890471
'WorldCup',de,Qatar,#4D0E00,#888888,1,0.0043400326212222
'Xavier Bettel',de,Luxemburg,#6618e9,#888888,1,0.0016954104714012
'Gaston Vogel',de,Luxemburg,#f16188,#888888,1,3.795452038447198e-13
