keyword,language,topic,topicColor,keywordColor,limitPages,ratioNew
'SC Freiburg',de,Bundesliga,#EB0000,#888888,3,0.10227787127800107
'Die PARTEI',de,Deutschland,#1818e8,#888888,3,0.033403185874412
'Die PARTEI',de,Freiburg,#181818,#888888,3,0.0334002576561361
'Martin Sonneborn',de,Deutschland,#e81818,#888888,1,0.0280726871064948
'Xavier Bettel',de,Luxemburg,#6618e9,#888888,2,0.0215046160955551
'Weinlese',de,Luxemburg,#219100,#888888,1,0.015609508225518
'Martin Horn',de,Freiburg,#18e818,#888888,1,0.0143527433173829
'WorldCup',de,Qatar,#4D0E00,#888888,1,0.0016667321426818
'Gaston Vogel',de,Luxemburg,#f16188,#888888,1,0.0001398094900579
