keyword,language,topic,topicColor,keywordColor,limitPages,ratioNew
'SC Freiburg',de,Bundesliga,#EB0000,#888888,3,0.162862302172594
'Martin Sonneborn',de,Deutschland,#e81818,#888888,1,0.0564296695457349
'Weinlese',de,Luxemburg,#219100,#888888,2,0.0563404833361135
'Die PARTEI',de,Freiburg,#181818,#888888,3,0.0333918645675032
'Die PARTEI',de,Deutschland,#1818e8,#888888,3,0.033386283485524075
'Martin Horn',de,Freiburg,#18e818,#888888,1,0.0134213452786389
'Xavier Bettel',de,Luxemburg,#6618e9,#888888,1,0.0057354583688608
'WorldCup',de,Qatar,#4D0E00,#888888,1,0.000685953640979
'Gaston Vogel',de,Luxemburg,#f16188,#888888,1,4.135070681080535e-08
