keyword,language,topic,topicColor,keywordColor,limitPages,ratioNew
'SC Freiburg',de,Bundesliga,#EB0000,#888888,3,0.1347902043884771
'Weinlese',de,Luxemburg,#219100,#888888,3,0.05307179519170599
'Die PARTEI',de,Freiburg,#181818,#888888,3,0.0372945765982764
'Die PARTEI',de,Deutschland,#1818e8,#888888,3,0.0334142626830473
'Martin Sonneborn',de,Deutschland,#e81818,#888888,1,0.0328804365000379
'Xavier Bettel',de,Luxemburg,#6618e9,#888888,1,0.0287975566287017
'Martin Horn',de,Freiburg,#18e818,#888888,1,0.012170682556956
'WorldCup',de,Qatar,#4D0E00,#888888,1,0.0016077161379342
'Gaston Vogel',de,Luxemburg,#f16188,#888888,1,2.2183169633218688e-09
