keyword,language,topic,topicColor,keywordColor,limitPages,ratioNew
'SC Freiburg',de,Bundesliga,#EB0000,#888888,3,0.1247156072029665
'Die PARTEI',de,Freiburg,#181818,#888888,3,0.0346664177230064
'Die PARTEI',de,Deutschland,#1818e8,#888888,3,0.03465907541129042
'Martin Sonneborn',de,Deutschland,#e81818,#888888,1,0.0283172507655826
'Xavier Bettel',de,Luxemburg,#6618e9,#888888,2,0.0164045937651761
'Martin Horn',de,Freiburg,#18e818,#888888,1,0.0161597842878748
'Weinlese',de,Luxemburg,#219100,#888888,1,0.0153341160764797
'WorldCup',de,Qatar,#4D0E00,#888888,1,0.0148797704028375
'Gaston Vogel',de,Luxemburg,#f16188,#888888,1,3.1237495438291374e-06
