keyword,language,topic,topicColor,keywordColor,limitPages,ratioNew
'Die PARTEI',de,Deutschland,#1818e8,#888888,3,0.2511451927533413
'Die PARTEI',de,Freiburg,#181818,#888888,3,0.18208548012664696
'SC Freiburg',de,Bundesliga,#EB0000,#888888,3,0.1661997611117674
'Martin Sonneborn',de,Deutschland,#e81818,#888888,1,0.1459616376461392
'Martin Horn',de,Freiburg,#18e818,#888888,2,0.1305700617146595
'Weinlese',de,Luxemburg,#219100,#888888,1,0.1193341491093177
'WorldCup',de,Qatar,#4D0E00,#888888,1,0.0788964691375375
'Xavier Bettel',de,Luxemburg,#6618e9,#888888,1,0.0408342963921986
'Gaston Vogel',de,Luxemburg,#f16188,#888888,1,0.0387595310845141
