keyword,language,topic,topicColor,keywordColor,limitPages,ratioNew
'SC Freiburg',de,Bundesliga,#EB0000,#888888,3,0.1869908865079506
'Die PARTEI',de,Deutschland,#1818e8,#888888,3,0.033376960486652
'Die PARTEI',de,Freiburg,#181818,#888888,3,0.033373346659009
'Martin Horn',de,Freiburg,#18e818,#888888,2,0.0204121611884028
'Martin Sonneborn',de,Deutschland,#e81818,#888888,1,0.0187999241511164
'Xavier Bettel',de,Luxemburg,#6618e9,#888888,1,0.01691623484923503
'Weinlese',de,Luxemburg,#219100,#888888,1,0.0161049888283669
'WorldCup',de,Qatar,#4D0E00,#888888,1,0.0009560370717164
'Gaston Vogel',de,Luxemburg,#f16188,#888888,1,8.07061029638386e-11
