keyword,language,topic,topicColor,keywordColor,limitPages,ratioNew
'SC Freiburg',de,Bundesliga,#EB0000,#888888,3,0.0867408429948728
'Die PARTEI',de,Freiburg,#181818,#888888,3,0.033406890663012445
'Die PARTEI',de,Deutschland,#1818e8,#888888,3,0.0333986863525577
'Weinlese',de,Luxemburg,#219100,#888888,1,0.0233374219981466
'Martin Horn',de,Freiburg,#18e818,#888888,1,0.021423242805229
'Xavier Bettel',de,Luxemburg,#6618e9,#888888,1,0.014243624442465
'Martin Sonneborn',de,Deutschland,#e81818,#888888,1,0.0106066667074694
'WorldCup',de,Qatar,#4D0E00,#888888,1,0.0007198980462836
'Gaston Vogel',de,Luxemburg,#f16188,#888888,1,5.418950275807517e-06
