keyword,language,topic,topicColor,keywordColor,limitPages,ratioNew
'SC Freiburg',de,Bundesliga,#EB0000,#888888,3,0.20749272901894422
'Die PARTEI',de,Freiburg,#181818,#888888,3,0.0334510876657859
'Die PARTEI',de,Deutschland,#1818e8,#888888,3,0.0334424816637096
'Martin Sonneborn',de,Deutschland,#e81818,#888888,1,0.0170611098745444
'Xavier Bettel',de,Luxemburg,#6618e9,#888888,2,0.0125558761165885
'Martin Horn',de,Freiburg,#18e818,#888888,1,0.008502300446461
'Weinlese',de,Luxemburg,#219100,#888888,1,0.0038578771512946
'WorldCup',de,Qatar,#4D0E00,#888888,1,0.0021165246878822
'Gaston Vogel',de,Luxemburg,#f16188,#888888,1,1.7221930352879562e-08
