keyword,language,topic,topicColor,keywordColor,limitPages,ratioNew
'SC Freiburg',de,Bundesliga,#EB0000,#888888,3,0.11642671190308601
'Die PARTEI',de,Deutschland,#1818e8,#888888,3,0.0333865288682283
'Die PARTEI',de,Freiburg,#181818,#888888,3,0.0333797664611339
'Martin Sonneborn',de,Deutschland,#e81818,#888888,1,0.0311443862206503
'Xavier Bettel',de,Luxemburg,#6618e9,#888888,1,0.021529964318798
'Martin Horn',de,Freiburg,#18e818,#888888,2,0.0201544745148277
'Weinlese',de,Luxemburg,#219100,#888888,1,0.0061531519268044
'WorldCup',de,Qatar,#4D0E00,#888888,1,0.0010854847135425
'Gaston Vogel',de,Luxemburg,#f16188,#888888,1,0.000622912779181
