keyword,language,topic,topicColor,keywordColor,limitPages,ratioNew
'SC Freiburg',de,Bundesliga,#EB0000,#888888,3,0.0600867795537898
'Die PARTEI',de,Deutschland,#1818e8,#888888,3,0.0333980615583181
'Die PARTEI',de,Freiburg,#181818,#888888,3,0.03339734932118937
'Weinlese',de,Luxemburg,#219100,#888888,1,0.030264844884804
'Martin Sonneborn',de,Deutschland,#e81818,#888888,1,0.0233119000444197
'Martin Horn',de,Freiburg,#18e818,#888888,1,0.0171121050869629
'Xavier Bettel',de,Luxemburg,#6618e9,#888888,1,0.0146677125328422
'WorldCup',de,Qatar,#4D0E00,#888888,1,0.0010039934958333
'Gaston Vogel',de,Luxemburg,#f16188,#888888,1,0.0009720934391395
