keyword,language,topic,topicColor,keywordColor,limitPages,ratioNew
'SC Freiburg',de,Bundesliga,#EB0000,#888888,3,0.10566017922877521
'Die PARTEI',de,Freiburg,#181818,#888888,3,0.035446412921647
'Die PARTEI',de,Deutschland,#1818e8,#888888,3,0.0351292043754885
'Martin Sonneborn',de,Deutschland,#e81818,#888888,1,0.0283172507655826
'Martin Horn',de,Freiburg,#18e818,#888888,2,0.0190128125091695
'WorldCup',de,Qatar,#4D0E00,#888888,1,0.0175056122386324
'Weinlese',de,Luxemburg,#219100,#888888,1,0.0153341160764797
'Xavier Bettel',de,Luxemburg,#6618e9,#888888,1,0.0138705266646037
'Gaston Vogel',de,Luxemburg,#f16188,#888888,1,5.086504447513352e-06
