keyword,language,topic,topicColor,keywordColor,limitPages,ratioNew
'SC Freiburg',de,Bundesliga,#EB0000,#888888,3,0.22754007716812163
'Die PARTEI',de,Deutschland,#1818e8,#888888,3,0.033376960486652
'Die PARTEI',de,Freiburg,#181818,#888888,3,0.033373346659009
'Martin Horn',de,Freiburg,#18e818,#888888,2,0.0204121611884028
'Martin Sonneborn',de,Deutschland,#e81818,#888888,1,0.0187999241511164
'Xavier Bettel',de,Luxemburg,#6618e9,#888888,1,0.0170790696218497
'Weinlese',de,Luxemburg,#219100,#888888,1,0.0141392855041118
'WorldCup',de,Qatar,#4D0E00,#888888,1,0.0009560370717164
'Gaston Vogel',de,Luxemburg,#f16188,#888888,1,8.070610296383859e-11
