keyword,language,topic,topicColor,keywordColor,limitPages,ratioNew
'SC Freiburg',de,Bundesliga,#EB0000,#888888,3,0.0812640486643441
'Die PARTEI',de,Deutschland,#1818e8,#888888,3,0.03337511435841761
'Die PARTEI',de,Freiburg,#181818,#888888,3,0.0333700828970241
'Martin Horn',de,Freiburg,#18e818,#888888,2,0.0197250243959572
'Xavier Bettel',de,Luxemburg,#6618e9,#888888,1,0.0155269042409366
'Weinlese',de,Luxemburg,#219100,#888888,1,0.0068305416244642
'Martin Sonneborn',de,Deutschland,#e81818,#888888,1,0.0032612414733578
'WorldCup',de,Qatar,#4D0E00,#888888,1,0.00096416274082
'Gaston Vogel',de,Luxemburg,#f16188,#888888,1,2.161560153729011e-14
