keyword,language,topic,topicColor,keywordColor,limitPages,ratioNew
'Die PARTEI',de,Deutschland,#1818e8,#888888,3,0.3596437133790338
'Martin Sonneborn',de,Deutschland,#e81818,#888888,1,0.2742255261835846
'Gaston Vogel',de,Luxemburg,#f16188,#888888,1,0.2724905250390623
'SC Freiburg',de,Bundesliga,#EB0000,#888888,3,0.2551351925689747
'Martin Horn',de,Freiburg,#18e818,#888888,1,0.2545898159972223
'Die PARTEI',de,Freiburg,#181818,#888888,3,0.24190878604754218
'Xavier Bettel',de,Luxemburg,#6618e9,#888888,1,0.2340627293019167
'Weinlese',de,Luxemburg,#219100,#888888,1,0.227403584842026
'WorldCup',de,Qatar,#4D0E00,#888888,1,0.2019084100735979
