keyword,language,topic,topicColor,keywordColor,limitPages,ratioNew
'SC Freiburg',de,Bundesliga,#EB0000,#888888,3,0.0916820639753459
'Die PARTEI',de,Freiburg,#181818,#888888,3,0.0333963940077156
'Die PARTEI',de,Deutschland,#1818e8,#888888,3,0.03339274809943275
'Weinlese',de,Luxemburg,#219100,#888888,1,0.0332182019916902
'Martin Sonneborn',de,Deutschland,#e81818,#888888,1,0.0246118590405205
'Xavier Bettel',de,Luxemburg,#6618e9,#888888,2,0.0198878771290385
'Martin Horn',de,Freiburg,#18e818,#888888,1,0.012867606796809
'WorldCup',de,Qatar,#4D0E00,#888888,1,0.0017954090521243
'Gaston Vogel',de,Luxemburg,#f16188,#888888,1,7.298142761951299e-05
