keyword,language,topic,topicColor,keywordColor,limitPages,ratioNew
'SC Freiburg',de,Bundesliga,#EB0000,#888888,3,0.0550365467901439
'Weinlese',de,Luxemburg,#219100,#888888,3,0.0475039405260075
'Die PARTEI',de,Freiburg,#181818,#888888,3,0.0372945765982764
'Die PARTEI',de,Deutschland,#1818e8,#888888,3,0.0334142626830473
'Xavier Bettel',de,Luxemburg,#6618e9,#888888,1,0.0287975566287017
'Martin Sonneborn',de,Deutschland,#e81818,#888888,1,0.0273639761212773
'Martin Horn',de,Freiburg,#18e818,#888888,1,0.0124452901734126
'WorldCup',de,Qatar,#4D0E00,#888888,1,0.001516573717244
'Gaston Vogel',de,Luxemburg,#f16188,#888888,1,1.3623239051000426e-09
