keyword,language,topic,topicColor,keywordColor,limitPages,ratioNew
'SC Freiburg',de,Bundesliga,#EB0000,#888888,3,0.06507049717022961
'Martin Sonneborn',de,Deutschland,#e81818,#888888,1,0.0608937900207927
'Die PARTEI',de,Freiburg,#181818,#888888,3,0.0336702332076689
'Die PARTEI',de,Deutschland,#1818e8,#888888,3,0.0336215130533258
'Martin Horn',de,Freiburg,#18e818,#888888,1,0.0094443977239018
'Weinlese',de,Luxemburg,#219100,#888888,1,0.0049252970131147
'Xavier Bettel',de,Luxemburg,#6618e9,#888888,1,0.0016221329536605
'WorldCup',de,Qatar,#4D0E00,#888888,1,0.0012731825579412
'Gaston Vogel',de,Luxemburg,#f16188,#888888,1,1.681703587541723e-07
