keyword,language,topic,topicColor,keywordColor,limitPages,ratioNew
'Martin Sonneborn',de,Deutschland,#e81818,#888888,1,0.1187538492343967
'SC Freiburg',de,Bundesliga,#EB0000,#888888,3,0.1050379496317464
'Die PARTEI',de,Freiburg,#181818,#888888,3,0.0373366027509674
'Die PARTEI',de,Deutschland,#1818e8,#888888,3,0.0362238613889496
'Weinlese',de,Luxemburg,#219100,#888888,1,0.031942785775987
'Martin Horn',de,Freiburg,#18e818,#888888,1,0.02743196869673422
'Xavier Bettel',de,Luxemburg,#6618e9,#888888,1,0.0256557945718635
'WorldCup',de,Qatar,#4D0E00,#888888,1,0.0238450996382457
'Gaston Vogel',de,Luxemburg,#f16188,#888888,1,9.481537470913e-05
