keyword,language,topic,topicColor,keywordColor,limitPages,ratioNew
'SC Freiburg',de,Bundesliga,#EB0000,#888888,3,0.0674432045089019
'Die PARTEI',de,Deutschland,#1818e8,#888888,3,0.0334032101493473
'Die PARTEI',de,Freiburg,#181818,#888888,3,0.03340000471437532
'Weinlese',de,Luxemburg,#219100,#888888,1,0.0240672355549251
'Martin Sonneborn',de,Deutschland,#e81818,#888888,1,0.0233119000444197
'Martin Horn',de,Freiburg,#18e818,#888888,1,0.016214417024031
'Xavier Bettel',de,Luxemburg,#6618e9,#888888,1,0.0113850010549784
'WorldCup',de,Qatar,#4D0E00,#888888,1,0.0009232596624737
'Gaston Vogel',de,Luxemburg,#f16188,#888888,1,0.0004361181605576
