keyword,language,topic,topicColor,keywordColor,limitPages,ratioNew
'SC Freiburg',de,Bundesliga,#EB0000,#888888,3,0.10411490186626364
'Weinlese',de,Luxemburg,#219100,#888888,2,0.0502494965472563
'Die PARTEI',de,Deutschland,#1818e8,#888888,3,0.0335323376358513
'Die PARTEI',de,Freiburg,#181818,#888888,3,0.0335222879642776
'Martin Sonneborn',de,Deutschland,#e81818,#888888,2,0.0160674538076416
'Martin Horn',de,Freiburg,#18e818,#888888,1,0.0111510038014088
'Xavier Bettel',de,Luxemburg,#6618e9,#888888,1,0.0037560379789568
'WorldCup',de,Qatar,#4D0E00,#888888,1,0.0005860575924737
'Gaston Vogel',de,Luxemburg,#f16188,#888888,1,2.2069391806654528e-11
