keyword,language,topic,topicColor,keywordColor,limitPages,ratioNew
'SC Freiburg',de,Bundesliga,#EB0000,#888888,3,0.10259580069295093
'Die PARTEI',de,Deutschland,#1818e8,#888888,3,0.03345129729707
'Die PARTEI',de,Freiburg,#181818,#888888,3,0.0334476213595343
'Weinlese',de,Luxemburg,#219100,#888888,1,0.0311115319426853
'Martin Sonneborn',de,Deutschland,#e81818,#888888,1,0.0258211183863175
'Martin Horn',de,Freiburg,#18e818,#888888,1,0.01491437709887
'Xavier Bettel',de,Luxemburg,#6618e9,#888888,1,0.0034868235952926
'WorldCup',de,Qatar,#4D0E00,#888888,1,0.0009877675944898
'Gaston Vogel',de,Luxemburg,#f16188,#888888,1,0.0008295058540098
