keyword,language,topic,topicColor,keywordColor,limitPages,ratioNew
'SC Freiburg',de,Bundesliga,#EB0000,#888888,3,0.1245127274409859
'Weinlese',de,Luxemburg,#219100,#888888,3,0.0659069421405179
'Martin Sonneborn',de,Deutschland,#e81818,#888888,1,0.0405156757785993
'Die PARTEI',de,Deutschland,#1818e8,#888888,3,0.033398832568291
'Die PARTEI',de,Freiburg,#181818,#888888,3,0.0333974348823777
'Xavier Bettel',de,Luxemburg,#6618e9,#888888,1,0.022798234088168525
'Martin Horn',de,Freiburg,#18e818,#888888,1,0.0114045038379095
'WorldCup',de,Qatar,#4D0E00,#888888,1,0.0016953975084072
'Gaston Vogel',de,Luxemburg,#f16188,#888888,1,3.070334897331306e-09
