keyword,language,topic,topicColor,keywordColor,limitPages,ratioNew
'Die PARTEI',de,Deutschland,#1818e8,#888888,3,0.3932997092621613
'Martin Sonneborn',de,Deutschland,#e81818,#888888,1,0.3219123131571584
'Martin Horn',de,Freiburg,#18e818,#888888,1,0.2965171305849675
'SC Freiburg',de,Bundesliga,#EB0000,#888888,3,0.2889770212041414
'WorldCup',de,Qatar,#4D0E00,#888888,1,0.2760009139426962
'Xavier Bettel',de,Luxemburg,#6618e9,#888888,1,0.2750149403551962
'Gaston Vogel',de,Luxemburg,#f16188,#888888,1,0.27249052503906235
'Die PARTEI',de,Freiburg,#181818,#888888,4,0.2573147151361459
'Weinlese',de,Luxemburg,#219100,#888888,1,0.2547695523765068
