keyword,language,topic,topicColor,keywordColor,limitPages,ratioNew
'SC Freiburg',de,Bundesliga,#EB0000,#888888,3,0.11779035552617537
'Die PARTEI',de,Freiburg,#181818,#888888,3,0.0335077351892601
'Die PARTEI',de,Deutschland,#1818e8,#888888,3,0.0334942202754144
'Martin Sonneborn',de,Deutschland,#e81818,#888888,2,0.0276700231507452
'Martin Horn',de,Freiburg,#18e818,#888888,1,0.0130589466949013
'WorldCup',de,Qatar,#4D0E00,#888888,1,0.0126478048424118
'Xavier Bettel',de,Luxemburg,#6618e9,#888888,1,0.0121287509864221
'Weinlese',de,Luxemburg,#219100,#888888,1,0.0091106025288978
'Gaston Vogel',de,Luxemburg,#f16188,#888888,1,2.3194179675872278e-07
