keyword,language,topic,topicColor,keywordColor,limitPages,ratioNew
'Martin Horn',de,Freiburg,#18e818,#888888,1,0.6270730549
'WorldCup',de,Qatar,#4D0E00,#888888,1,0.61566865435
'SC Freiburg',de,Bundesliga,#EB0000,#888888,4,0.5719090522143182
'Weinlese',de,Luxemburg,#219100,#888888,1,0.5672502906110417
'Die PARTEI',de,Deutschland,#1818e8,#888888,3,0.5379985547724998
'Die PARTEI',de,Freiburg,#181818,#888888,1,0.53799849236125
'Xavier Bettel',de,Luxemburg,#6618e9,#888888,1,0.5239184161975
'Martin Sonneborn',de,Deutschland,#e81818,#888888,1,0.5224351003169687
'Gaston Vogel',de,Luxemburg,#f16188,#888888,1,0.5220062499999999
