keyword,language,topic,topicColor,keywordColor,limitPages,ratioNew
'SC Freiburg',de,Bundesliga,#EB0000,#888888,3,0.2458601826388796
'Martin Sonneborn',de,Deutschland,#e81818,#888888,1,0.03454448012795861
'Die PARTEI',de,Deutschland,#1818e8,#888888,3,0.0334555400945178
'Die PARTEI',de,Freiburg,#181818,#888888,3,0.0334504078890364
'Martin Horn',de,Freiburg,#18e818,#888888,1,0.0088227467316493
'Xavier Bettel',de,Luxemburg,#6618e9,#888888,1,0.0078344827870363
'Weinlese',de,Luxemburg,#219100,#888888,1,0.0061899161094754
'WorldCup',de,Qatar,#4D0E00,#888888,1,0.004770113470035
'Gaston Vogel',de,Luxemburg,#f16188,#888888,1,6.320194197728796e-08
