keyword,language,topic,topicColor,keywordColor,limitPages,ratioNew
'Die PARTEI',de,Deutschland,#1818e8,#888888,3,0.26819217596649786
'SC Freiburg',de,Bundesliga,#EB0000,#888888,3,0.2180798660517652
'Martin Sonneborn',de,Deutschland,#e81818,#888888,1,0.1992380536676398
'Weinlese',de,Luxemburg,#219100,#888888,1,0.1934430621157221
'Die PARTEI',de,Freiburg,#181818,#888888,3,0.1751556299473557
'Martin Horn',de,Freiburg,#18e818,#888888,1,0.1415022230256499
'WorldCup',de,Qatar,#4D0E00,#888888,1,0.1374041898864482
'Gaston Vogel',de,Luxemburg,#f16188,#888888,1,0.0742510862360636
'Xavier Bettel',de,Luxemburg,#6618e9,#888888,1,0.0652350404513719
