keyword,language,topic,topicColor,keywordColor,limitPages,ratioNew
'SC Freiburg',de,Bundesliga,#EB0000,#888888,3,0.1002408530102441
'Die PARTEI',de,Deutschland,#1818e8,#888888,3,0.033415393612815855
'Die PARTEI',de,Freiburg,#181818,#888888,3,0.0334125847333963
'Weinlese',de,Luxemburg,#219100,#888888,1,0.0319065715727534
'Martin Sonneborn',de,Deutschland,#e81818,#888888,1,0.0233318060915107
'Martin Horn',de,Freiburg,#18e818,#888888,1,0.0195584651302603
'Xavier Bettel',de,Luxemburg,#6618e9,#888888,1,0.0138314442379439
'WorldCup',de,Qatar,#4D0E00,#888888,1,0.0009391132480505
'Gaston Vogel',de,Luxemburg,#f16188,#888888,1,7.853105233503246e-10
