keyword,language,topic,topicColor,keywordColor,limitPages,ratioNew
'SC Freiburg',de,Bundesliga,#EB0000,#888888,3,0.2459790303772915
'Martin Sonneborn',de,Deutschland,#e81818,#888888,1,0.0397581236799513
'Die PARTEI',de,Deutschland,#1818e8,#888888,3,0.0334555400945178
'Die PARTEI',de,Freiburg,#181818,#888888,3,0.0334504078890364
'Martin Horn',de,Freiburg,#18e818,#888888,1,0.009967598809931835
'Xavier Bettel',de,Luxemburg,#6618e9,#888888,1,0.0078344827870363
'Weinlese',de,Luxemburg,#219100,#888888,1,0.0061899161094754
'WorldCup',de,Qatar,#4D0E00,#888888,1,0.0056118982000412
'Gaston Vogel',de,Luxemburg,#f16188,#888888,1,7.43552258556329e-08
