keyword,language,topic,topicColor,keywordColor,limitPages,ratioNew
'SC Freiburg',de,Bundesliga,#EB0000,#888888,3,0.1124258392066522
'Die PARTEI',de,Freiburg,#181818,#888888,3,0.0334540231451488
'Die PARTEI',de,Deutschland,#1818e8,#888888,3,0.03344981148491779
'Xavier Bettel',de,Luxemburg,#6618e9,#888888,1,0.0244005168383137
'Weinlese',de,Luxemburg,#219100,#888888,1,0.0171286735014751
'Martin Horn',de,Freiburg,#18e818,#888888,1,0.0141820484165357
'Martin Sonneborn',de,Deutschland,#e81818,#888888,1,0.0053103870927871
'WorldCup',de,Qatar,#4D0E00,#888888,1,0.0001933315847421
'Gaston Vogel',de,Luxemburg,#f16188,#888888,1,2.474477107080036e-13
