keyword,language,topic,topicColor,keywordColor,limitPages,ratioNew
'SC Freiburg',de,Bundesliga,#EB0000,#888888,3,0.1312736915108107
'Weinlese',de,Luxemburg,#219100,#888888,1,0.04563276734001296
'Die PARTEI',de,Deutschland,#1818e8,#888888,3,0.0335125403341007
'Martin Sonneborn',de,Deutschland,#e81818,#888888,1,0.033464988423969
'Die PARTEI',de,Freiburg,#181818,#888888,3,0.0334588007558039
'Martin Horn',de,Freiburg,#18e818,#888888,2,0.016929923216637
'Xavier Bettel',de,Luxemburg,#6618e9,#888888,1,0.0048481038235513
'WorldCup',de,Qatar,#4D0E00,#888888,1,0.0009468551674959
'Gaston Vogel',de,Luxemburg,#f16188,#888888,1,4.619037233928564e-18
