keyword,language,topic,topicColor,keywordColor,limitPages,ratioNew
'SC Freiburg',de,Bundesliga,#EB0000,#888888,3,0.1036598922406491
'Weinlese',de,Luxemburg,#219100,#888888,1,0.09601237696823041
'Die PARTEI',de,Freiburg,#181818,#888888,3,0.0335003043199344
'Die PARTEI',de,Deutschland,#1818e8,#888888,3,0.0334166615189336
'Martin Horn',de,Freiburg,#18e818,#888888,2,0.0200666007365636
'Xavier Bettel',de,Luxemburg,#6618e9,#888888,1,0.0121593714394203
'Martin Sonneborn',de,Deutschland,#e81818,#888888,1,0.0016158892295129
'WorldCup',de,Qatar,#4D0E00,#888888,1,0.00061049315225
'Gaston Vogel',de,Luxemburg,#f16188,#888888,1,1.8882139926937928e-15
