keyword,language,topic,topicColor,keywordColor,limitPages,ratioNew
'SC Freiburg',de,Bundesliga,#EB0000,#888888,3,0.0577074999995778
'Die PARTEI',de,Freiburg,#181818,#888888,3,0.03345186337882596
'Die PARTEI',de,Deutschland,#1818e8,#888888,3,0.0334458749864054
'Martin Sonneborn',de,Deutschland,#e81818,#888888,1,0.0310205790111408
'Weinlese',de,Luxemburg,#219100,#888888,1,0.0122566700018648
'Martin Horn',de,Freiburg,#18e818,#888888,1,0.0112324598404669
'Xavier Bettel',de,Luxemburg,#6618e9,#888888,1,0.0024188732904589
'Gaston Vogel',de,Luxemburg,#f16188,#888888,1,0.0018264986760964
'WorldCup',de,Qatar,#4D0E00,#888888,1,0.0009356054622847
