keyword,language,topic,topicColor,keywordColor,limitPages,ratioNew
'SC Freiburg',de,Bundesliga,#EB0000,#888888,3,0.0516359826962778
'Die PARTEI',de,Freiburg,#181818,#888888,3,0.03368256421388993
'Die PARTEI',de,Deutschland,#1818e8,#888888,3,0.0336175977097951
'Martin Sonneborn',de,Deutschland,#e81818,#888888,2,0.0264721168832757
'Martin Horn',de,Freiburg,#18e818,#888888,1,0.0094443977239018
'Weinlese',de,Luxemburg,#219100,#888888,1,0.0049252970131147
'Xavier Bettel',de,Luxemburg,#6618e9,#888888,1,0.0013004355760009
'WorldCup',de,Qatar,#4D0E00,#888888,1,0.0009393672539646
'Gaston Vogel',de,Luxemburg,#f16188,#888888,1,6.171603901826106e-07
