keyword,language,topic,topicColor,keywordColor,limitPages,ratioNew
'SC Freiburg',de,Bundesliga,#EB0000,#888888,3,0.0655159453210872
'Martin Sonneborn',de,Deutschland,#e81818,#888888,2,0.0361112484297791
'Die PARTEI',de,Freiburg,#181818,#888888,3,0.0335577331863779
'Die PARTEI',de,Deutschland,#1818e8,#888888,3,0.0334937372408691
'Martin Horn',de,Freiburg,#18e818,#888888,1,0.0171023434368711
'Weinlese',de,Luxemburg,#219100,#888888,1,0.0076037670322239
'Xavier Bettel',de,Luxemburg,#6618e9,#888888,1,0.00100059757948465
'WorldCup',de,Qatar,#4D0E00,#888888,1,3.782061696080352e-05
'Gaston Vogel',de,Luxemburg,#f16188,#888888,1,1.5922803318670323e-05
