keyword,language,topic,topicColor,keywordColor,limitPages,ratioNew
'SC Freiburg',de,Bundesliga,#EB0000,#888888,3,0.13586426297125398
'Die PARTEI',de,Deutschland,#1818e8,#888888,3,0.0537192698540831
'Martin Horn',de,Freiburg,#18e818,#888888,1,0.0504067605380842
'Weinlese',de,Luxemburg,#219100,#888888,1,0.0482431170380412
'Die PARTEI',de,Freiburg,#181818,#888888,3,0.0480555490871034
'Martin Sonneborn',de,Deutschland,#e81818,#888888,1,0.0422614316122499
'WorldCup',de,Qatar,#4D0E00,#888888,1,0.0381993666610963
'Xavier Bettel',de,Luxemburg,#6618e9,#888888,1,0.0020844315325155
'Gaston Vogel',de,Luxemburg,#f16188,#888888,1,0.0007842106418258
