keyword,language,topic,topicColor,keywordColor,limitPages,ratioNew
'SC Freiburg',de,Bundesliga,#EB0000,#888888,3,0.1681097421442981
'Die PARTEI',de,Freiburg,#181818,#888888,3,0.0351880831330933
'Die PARTEI',de,Deutschland,#1818e8,#888888,3,0.0334239132805902
'Weinlese',de,Luxemburg,#219100,#888888,1,0.0301276934244456
'Xavier Bettel',de,Luxemburg,#6618e9,#888888,2,0.0268637037267861
'Martin Sonneborn',de,Deutschland,#e81818,#888888,1,0.021173112997622843
'Martin Horn',de,Freiburg,#18e818,#888888,1,0.0138175812277469
'WorldCup',de,Qatar,#4D0E00,#888888,1,0.0007563954360163
'Gaston Vogel',de,Luxemburg,#f16188,#888888,1,1.9377934605004158e-10
