keyword,language,topic,topicColor,keywordColor,limitPages,ratioNew
'SC Freiburg',de,Bundesliga,#EB0000,#888888,3,0.0862725945190899
'Martin Sonneborn',de,Deutschland,#e81818,#888888,1,0.06465572062028178
'Die PARTEI',de,Freiburg,#181818,#888888,3,0.0334465541575446
'Die PARTEI',de,Deutschland,#1818e8,#888888,3,0.0334411172822222
'Weinlese',de,Luxemburg,#219100,#888888,1,0.0192895464050765
'Martin Horn',de,Freiburg,#18e818,#888888,1,0.0112324598404669
'Xavier Bettel',de,Luxemburg,#6618e9,#888888,1,0.0029638000559987
'Gaston Vogel',de,Luxemburg,#f16188,#888888,1,0.0018798881494946
'WorldCup',de,Qatar,#4D0E00,#888888,1,0.0007216465502419
