keyword,language,topic,topicColor,keywordColor,limitPages,ratioNew
'SC Freiburg',de,Bundesliga,#EB0000,#888888,3,0.08760450226939565
'Die PARTEI',de,Freiburg,#181818,#888888,3,0.0334880036985202
'Die PARTEI',de,Deutschland,#1818e8,#888888,3,0.0334647522364971
'Martin Sonneborn',de,Deutschland,#e81818,#888888,1,0.0212614866281939
'Martin Horn',de,Freiburg,#18e818,#888888,1,0.0183245082171228
'Weinlese',de,Luxemburg,#219100,#888888,1,0.0077101906261458
'Xavier Bettel',de,Luxemburg,#6618e9,#888888,1,0.0011773984603863
'WorldCup',de,Qatar,#4D0E00,#888888,1,0.0001632895069543
'Gaston Vogel',de,Luxemburg,#f16188,#888888,1,5.843433754765504e-05
