keyword,language,topic,topicColor,keywordColor,limitPages,ratioNew
'SC Freiburg',de,Bundesliga,#EB0000,#888888,3,0.11849038105803031
'Die PARTEI',de,Freiburg,#181818,#888888,3,0.0333927836705744
'Die PARTEI',de,Deutschland,#1818e8,#888888,3,0.0333927480994327
'Weinlese',de,Luxemburg,#219100,#888888,1,0.0262203729389961
'Martin Sonneborn',de,Deutschland,#e81818,#888888,1,0.0215201401844424
'Xavier Bettel',de,Luxemburg,#6618e9,#888888,1,0.0169051305596827
'Martin Horn',de,Freiburg,#18e818,#888888,1,0.0126539835623516
'WorldCup',de,Qatar,#4D0E00,#888888,1,0.0018261276943056
'Gaston Vogel',de,Luxemburg,#f16188,#888888,1,6.203421347658604e-05
