keyword,language,topic,topicColor,keywordColor,limitPages,ratioNew
'SC Freiburg',de,Bundesliga,#EB0000,#888888,3,0.10280675840308239
'Die PARTEI',de,Freiburg,#181818,#888888,3,0.0334078782198787
'Die PARTEI',de,Deutschland,#1818e8,#888888,3,0.0334060492864748
'Weinlese',de,Luxemburg,#219100,#888888,1,0.0319065715727534
'Martin Horn',de,Freiburg,#18e818,#888888,1,0.0195584651302603
'Martin Sonneborn',de,Deutschland,#e81818,#888888,1,0.0187999241511164
'Xavier Bettel',de,Luxemburg,#6618e9,#888888,1,0.0139780749334856
'WorldCup',de,Qatar,#4D0E00,#888888,1,0.0009560370717164
'Gaston Vogel',de,Luxemburg,#f16188,#888888,1,4.822788251525177e-10
