keyword,language,topic,topicColor,keywordColor,limitPages,ratioNew
'SC Freiburg',de,Bundesliga,#EB0000,#888888,3,0.0725947971208381
'Die PARTEI',de,Deutschland,#1818e8,#888888,3,0.0335324994399998
'Die PARTEI',de,Freiburg,#181818,#888888,3,0.0335259725545986
'Weinlese',de,Luxemburg,#219100,#888888,2,0.0291677898630265
'Martin Sonneborn',de,Deutschland,#e81818,#888888,1,0.0123846518223138
'Martin Horn',de,Freiburg,#18e818,#888888,1,0.0094285245710865
'WorldCup',de,Qatar,#4D0E00,#888888,1,0.002697678999310255
'Xavier Bettel',de,Luxemburg,#6618e9,#888888,1,0.0012249340655873
'Gaston Vogel',de,Luxemburg,#f16188,#888888,1,3.31548748954809e-14
