keyword,language,topic,topicColor,keywordColor,limitPages,ratioNew
'SC Freiburg',de,Bundesliga,#EB0000,#888888,3,0.067734045999938
'Die PARTEI',de,Freiburg,#181818,#888888,3,0.03354860793961393
'Die PARTEI',de,Deutschland,#1818e8,#888888,3,0.0335447620466679
'Weinlese',de,Luxemburg,#219100,#888888,1,0.0179021416590614
'Martin Horn',de,Freiburg,#18e818,#888888,1,0.0095595374868856
'Martin Sonneborn',de,Deutschland,#e81818,#888888,1,0.0080840300906884
'Xavier Bettel',de,Luxemburg,#6618e9,#888888,1,0.0014435997523631
'WorldCup',de,Qatar,#4D0E00,#888888,1,0.0002772395792592
'Gaston Vogel',de,Luxemburg,#f16188,#888888,1,2.461785475010264e-15
