keyword,language,topic,topicColor,keywordColor,limitPages,ratioNew
'SC Freiburg',de,Bundesliga,#EB0000,#888888,3,0.1038152221312782
'Die PARTEI',de,Freiburg,#181818,#888888,3,0.03339278367057447
'Die PARTEI',de,Deutschland,#1818e8,#888888,3,0.0333927480994327
'Weinlese',de,Luxemburg,#219100,#888888,1,0.0262203729389961
'Martin Sonneborn',de,Deutschland,#e81818,#888888,1,0.0215201401844424
'Xavier Bettel',de,Luxemburg,#6618e9,#888888,1,0.0169051305596827
'Martin Horn',de,Freiburg,#18e818,#888888,1,0.0127691806615902
'WorldCup',de,Qatar,#4D0E00,#888888,1,0.0018261276943056
'Gaston Vogel',de,Luxemburg,#f16188,#888888,1,6.203421347658604e-05
