keyword,language,topic,topicColor,keywordColor,limitPages,ratioNew
'SC Freiburg',de,Bundesliga,#EB0000,#888888,3,0.1325915261898801
'Die PARTEI',de,Deutschland,#1818e8,#888888,3,0.0334507674083177
'Die PARTEI',de,Freiburg,#181818,#888888,3,0.0334484745460683
'Weinlese',de,Luxemburg,#219100,#888888,1,0.0311115319426853
'Martin Sonneborn',de,Deutschland,#e81818,#888888,1,0.0294953451603736
'Martin Horn',de,Freiburg,#18e818,#888888,1,0.0156049554104353
'Xavier Bettel',de,Luxemburg,#6618e9,#888888,1,0.0034868235952926
'WorldCup',de,Qatar,#4D0E00,#888888,1,0.00098303092662969
'Gaston Vogel',de,Luxemburg,#f16188,#888888,1,0.0004780415493749
