keyword,language,topic,topicColor,keywordColor,limitPages,ratioNew
'SC Freiburg',de,Bundesliga,#EB0000,#888888,3,0.1166564904308984
'Weinlese',de,Luxemburg,#219100,#888888,2,0.0573515900555957
'Die PARTEI',de,Deutschland,#1818e8,#888888,3,0.0335244560421781
'Die PARTEI',de,Freiburg,#181818,#888888,3,0.0335222879642776
'Martin Sonneborn',de,Deutschland,#e81818,#888888,2,0.0160674538076416
'Martin Horn',de,Freiburg,#18e818,#888888,1,0.0099420397663634
'Xavier Bettel',de,Luxemburg,#6618e9,#888888,1,0.0037560379789568
'WorldCup',de,Qatar,#4D0E00,#888888,1,0.0005860575924737
'Gaston Vogel',de,Luxemburg,#f16188,#888888,1,2.206939180665453e-11
