keyword,language,topic,topicColor,keywordColor,limitPages,ratioNew
'SC Freiburg',de,Bundesliga,#EB0000,#888888,3,0.0674432045089019
'Die PARTEI',de,Deutschland,#1818e8,#888888,3,0.03340444408290342
'Die PARTEI',de,Freiburg,#181818,#888888,3,0.033402209007219
'Martin Sonneborn',de,Deutschland,#e81818,#888888,1,0.0233119000444197
'Weinlese',de,Luxemburg,#219100,#888888,1,0.0215072552216863
'Xavier Bettel',de,Luxemburg,#6618e9,#888888,1,0.0207108542300649
'Martin Horn',de,Freiburg,#18e818,#888888,1,0.0147677215498623
'WorldCup',de,Qatar,#4D0E00,#888888,1,0.0009347857131026
'Gaston Vogel',de,Luxemburg,#f16188,#888888,1,0.0003707004364739
