keyword,language,topic,topicColor,keywordColor,limitPages,ratioNew
'SC Freiburg',de,Bundesliga,#EB0000,#888888,3,0.0657335439276298
'Weinlese',de,Luxemburg,#219100,#888888,1,0.0394815420963709
'Die PARTEI',de,Freiburg,#181818,#888888,3,0.033544745486371
'Die PARTEI',de,Deutschland,#1818e8,#888888,3,0.0335423977396677
'Martin Horn',de,Freiburg,#18e818,#888888,1,0.0097757718638527
'Martin Sonneborn',de,Deutschland,#e81818,#888888,1,0.0080840300906884
'Xavier Bettel',de,Luxemburg,#6618e9,#888888,1,0.0014435997523631
'WorldCup',de,Qatar,#4D0E00,#888888,1,0.0002545757730295
'Gaston Vogel',de,Luxemburg,#f16188,#888888,1,7.891920195518644e-16
