keyword,language,topic,topicColor,keywordColor,limitPages,ratioNew
'SC Freiburg',de,Bundesliga,#EB0000,#888888,3,0.15904491705432716
'Martin Sonneborn',de,Deutschland,#e81818,#888888,1,0.039544837121122
'Die PARTEI',de,Freiburg,#181818,#888888,3,0.0362351002375738
'Die PARTEI',de,Deutschland,#1818e8,#888888,3,0.0351292043754885
'Martin Horn',de,Freiburg,#18e818,#888888,1,0.0211680613482495
'Weinlese',de,Luxemburg,#219100,#888888,1,0.0176871600899762
'WorldCup',de,Qatar,#4D0E00,#888888,1,0.0175056122386324
'Xavier Bettel',de,Luxemburg,#6618e9,#888888,1,0.0138705266646037
'Gaston Vogel',de,Luxemburg,#f16188,#888888,1,1.3486705502151216e-05
