keyword,language,topic,topicColor,keywordColor,limitPages,ratioNew
'SC Freiburg',de,Bundesliga,#EB0000,#888888,3,0.1063220977198765
'Martin Sonneborn',de,Deutschland,#e81818,#888888,1,0.0455433967841143
'Die PARTEI',de,Freiburg,#181818,#888888,3,0.0334420698160602
'Die PARTEI',de,Deutschland,#1818e8,#888888,3,0.0334413645173504
'Weinlese',de,Luxemburg,#219100,#888888,1,0.0277949371512825
'Martin Horn',de,Freiburg,#18e818,#888888,1,0.0129100418733434
'Xavier Bettel',de,Luxemburg,#6618e9,#888888,1,0.0029638000559987
'Gaston Vogel',de,Luxemburg,#f16188,#888888,1,0.0012812474575937
'WorldCup',de,Qatar,#4D0E00,#888888,1,0.0003725360698117
