keyword,language,topic,topicColor,keywordColor,limitPages,ratioNew
'SC Freiburg',de,Bundesliga,#EB0000,#888888,3,0.1928971522477217
'Die PARTEI',de,Freiburg,#181818,#888888,3,0.0334438367056809
'Die PARTEI',de,Deutschland,#1818e8,#888888,3,0.033441435718289
'Martin Sonneborn',de,Deutschland,#e81818,#888888,1,0.0301128831087648
'Martin Horn',de,Freiburg,#18e818,#888888,1,0.008310796811710994
'Xavier Bettel',de,Luxemburg,#6618e9,#888888,1,0.0081594603689808
'Weinlese',de,Luxemburg,#219100,#888888,1,0.0050272698890958
'WorldCup',de,Qatar,#4D0E00,#888888,1,0.0034464069821002
'Gaston Vogel',de,Luxemburg,#f16188,#888888,1,4.566340307859055e-08
