keyword,language,topic,topicColor,keywordColor,limitPages,ratioNew
'SC Freiburg',de,Bundesliga,#EB0000,#888888,3,0.1184903810580303
'Die PARTEI',de,Freiburg,#181818,#888888,3,0.0333927836705744
'Die PARTEI',de,Deutschland,#1818e8,#888888,3,0.0333906108845177
'Weinlese',de,Luxemburg,#219100,#888888,1,0.0262203729389961
'Martin Sonneborn',de,Deutschland,#e81818,#888888,1,0.018892179156776
'Xavier Bettel',de,Luxemburg,#6618e9,#888888,1,0.0169051305596827
'Martin Horn',de,Freiburg,#18e818,#888888,1,0.0126539835623516
'WorldCup',de,Qatar,#4D0E00,#888888,1,0.0018744327591357
'Gaston Vogel',de,Luxemburg,#f16188,#888888,1,5.2729081455098135e-05
