keyword,language,topic,topicColor,keywordColor,limitPages,ratioNew
'SC Freiburg',de,Bundesliga,#EB0000,#888888,3,0.104530486677208
'Weinlese',de,Luxemburg,#219100,#888888,1,0.0880486265381846
'Die PARTEI',de,Deutschland,#1818e8,#888888,3,0.0333910022967986
'Die PARTEI',de,Freiburg,#181818,#888888,3,0.0333835814919638
'Martin Sonneborn',de,Deutschland,#e81818,#888888,1,0.0311443862206503
'Martin Horn',de,Freiburg,#18e818,#888888,2,0.0201544745148277
'Xavier Bettel',de,Luxemburg,#6618e9,#888888,1,0.0174671387997817
'WorldCup',de,Qatar,#4D0E00,#888888,1,0.001027472382850985
'Gaston Vogel',de,Luxemburg,#f16188,#888888,1,0.0008791824190128
