keyword,language,topic,topicColor,keywordColor,limitPages,ratioNew
'SC Freiburg',de,Bundesliga,#EB0000,#888888,3,0.0619898991910002
'Die PARTEI',de,Freiburg,#181818,#888888,3,0.03358618693283678
'Die PARTEI',de,Deutschland,#1818e8,#888888,3,0.0334573740275679
'Xavier Bettel',de,Luxemburg,#6618e9,#888888,1,0.0304362197031909
'Weinlese',de,Luxemburg,#219100,#888888,1,0.0258710597925797
'Martin Horn',de,Freiburg,#18e818,#888888,1,0.0141868536804979
'Martin Sonneborn',de,Deutschland,#e81818,#888888,1,0.0071735285021276
'WorldCup',de,Qatar,#4D0E00,#888888,1,0.0009820046714032
'Gaston Vogel',de,Luxemburg,#f16188,#888888,1,4.612567953846097e-12
