keyword,sentiment_mean,sentiment_std,subjectivity_mean,subjectivity_std,counting
'Sturmflut Fährausfälle',0.6715666729861905,0.00520656984173774,,1.0,2.0
'Sturmflut Hochwasser',0.31755820111770977,1.0,,1.0,1.0
'Sturmflut Schäden',-0.7071067811865476,1.0,-0.7071067811865476,1.0,1.0
'Sturmflut Sturmtief',0.04822825035790251,0.8763270813874393,0.0,1.0,2.0
'Sturmflut',-0.1646077597831023,0.9891153994340904,0.3535533905932738,0.5,9.0
