topic,sentiment_mean,sentiment_std,subjectivity_mean,subjectivity_std,counting
Bundesliga,0.009362035944270684,0.969928962851795,-0.008081188900363287,0.9562059912751283,1280.0
Deutschland,-0.27371027603089815,1.00546490204664,-0.013768596152442069,1.2175586081226428,143.0
Freiburg,-0.2753109666229653,1.0560313680313829,-0.0012510830912406267,1.2429233465807246,132.0
Luxemburg,0.44198649110143834,1.0019309110114654,0.2312234559705563,1.0593472581914676,69.0
Qatar,0.0,1.0,0.0,1.0,1.0
