week,sentiment_mean,sentiment_std,subjectivity_mean,subjectivity_std,counting
2025-01,-0.028761904761904825,0.8591408459602411,0.0,0.5773502691896257,15.0
