week,sentiment_mean,sentiment_std,subjectivity_mean,subjectivity_std,counting
2024-51,-0.14566552689509468,0.9833531297076762,0.8079300451489635,1.1933564500425837,9.0
2024-52,-0.03034029332367001,1.506441366657415,0.09030796640878531,0.6451760636727195,5.0
2025-01,0.04155768266205072,0.7035816391480897,-0.39187037499737926,0.38648280062965845,19.0
