keyword,sentiment_mean,sentiment_std,subjectivity_mean,subjectivity_std,counting
'Die PARTEI',-0.23865389527263622,1.0678848205678417,0.0375832758720021,1.2020009711384392,128.0
'Martin Horn',-0.624828162847568,3.2317056917608156,-0.3215036884069807,0.0,2.0
'Martin Sonneborn',-0.1686352142207091,0.6164348821644112,-0.0625037527657196,0.8317700371957077,8.0
'SC Freiburg',0.03750395193130294,0.9583113612244232,-0.008873184861828282,0.9465409627071297,877.0
'Weinlese',0.40502864719171133,0.7593496099502247,0.9121824305423768,1.4267982879913146,8.0
'WorldCup',0.0,1.0,0.0,1.0,1.0
'Xavier Bettel',-0.060896700747422594,2.2995317659865337,-0.2898512890770709,0.04476325241400751,2.0
