week,sentiment_mean,sentiment_std,subjectivity_mean,subjectivity_std,counting
2022-43,0.15666407955958467,1.1993661859014226,0.21242466626036513,0.9088073447587068,16.0
2022-44,0.20737554889363183,1.005208513916163,-0.31126616413007274,0.4086780621247807,34.0
2022-45,-0.030954391901423312,0.6916047345957884,-0.03678330064103957,0.9270601327138779,43.0
2022-46,-0.07255047630418271,1.0232724311109462,0.12803959113523852,0.9609327372739339,19.0
2022-47,0.056283279220316194,1.0936817120304516,-0.23084375447673994,0.4829312162108134,22.0
2022-48,-0.29686146198053176,0.986396237637236,0.3279445858808064,1.1776070982003912,26.0
2022-49,-0.0823910520357682,0.8250506822611982,0.06756190702120252,1.1687779135576695,47.0
2022-50,0.1905819451863721,0.7583490663510323,-0.034364350809831,0.9039029074942293,21.0
