keyword,sentiment_mean,sentiment_std,subjectivity_mean,subjectivity_std,counting
'Die PARTEI',-0.2710140622087079,1.0299229363597062,0.006977410615736742,1.2570563598271587,129.0
'Martin Horn',-0.5125394615437613,2.2447943461700732,-0.29826567013857935,0.0,3.0
'Martin Sonneborn',-0.31266432466256716,0.771699431663803,-0.1901141438864808,0.7823067028923746,14.0
'SC Freiburg',0.009272467903880048,0.9707460472726034,-0.008096084049185112,0.9572864784577191,1322.0
'Weinlese',0.46228352575748616,0.9811299422373038,0.2537317094871245,1.0878120220423582,63.0
'WorldCup',0.0,1.0,0.0,1.0,1.0
'Xavier Bettel',0.21012016267603936,1.2977723567767856,0.04718107657464549,0.8532617282387874,6.0
