keyword,sentiment_mean,sentiment_std,subjectivity_mean,subjectivity_std,counting
'Die PARTEI',-0.27959508153045637,1.023703517604151,-0.016872827220309562,1.0869559716539394,129.0
'Martin Horn',-0.026338355133085245,2.093960355601102,-0.3660901668033512,0.0892732221310992,4.0
'Martin Sonneborn',-0.3233170903332039,0.7828927631767099,-0.18198682734108265,0.7783819464078605,14.0
'SC Freiburg',0.009042597368274279,0.9743552140906249,-0.005177956490611409,0.9775207588831751,1464.0
'Weinlese',0.3894570984953391,0.9776287674652948,0.23697732354582643,1.11758150580112,72.0
'WorldCup',0.0,1.0,0.0,1.0,1.0
'Xavier Bettel',0.1524129315828731,1.1800043981129993,-0.03247555371312452,0.8629963546562819,9.0
