topic,sentiment_mean,sentiment_std,subjectivity_mean,subjectivity_std,counting
Bundesliga,0.03050457696463006,0.967579726875709,-0.007661090574127681,0.9495794746172902,960.0
Deutschland,-0.225257604504991,1.0209851369633351,0.008421069929602724,1.1719169296807517,137.0
Freiburg,-0.23578837936270958,1.0716721369868174,0.011195546077121912,1.1865248199766016,130.0
Luxemburg,0.3063329403926445,0.9315740693129164,0.6122144482979776,1.2730357773453282,14.0
Qatar,0.0,1.0,0.0,1.0,1.0
