domain,sentiment_mean,sentiment_std,subjectivity_mean,subjectivity_std,counting
www.stern.de,0.11034798534798533,0.3295968960745399,0.036630036630036625,0.0776797555802126,13.0
www.kicker.de,0.08737373737373737,0.2220176083351634,0.012121212121212121,0.04020151261036848,11.0
www.transfermarkt.de,0.0,0.0,0.0,0.0,3.0
www.jungewelt.de,0.0,1.0,0.0,1.0,1.0
www.n-tv.de,0.0,1.0,0.0,1.0,1.0
www.tagesschau.de,0.0,1.0,0.0,1.0,1.0
www.tagesspiegel.de,0.0,1.0,0.0,1.0,1.0
www.zeit.de,0.0,1.0,0.0,1.0,1.0
