topic,sentiment_mean,sentiment_std,subjectivity_mean,subjectivity_std,counting
Bundesliga,0.009171512815863378,0.9722072450345197,-0.005184641213963202,0.9776693218755153,1354.0
Deutschland,-0.2815897647318217,1.0108571473438106,-0.03973867816891426,1.0538088010884286,143.0
Freiburg,-0.2831121659550723,1.0615509155010665,-0.030263671061452196,1.0690588208946001,132.0
Luxemburg,0.3993048097388732,0.9804442423160311,0.20993303861266077,1.0764938650544966,78.0
Qatar,0.0,1.0,0.0,1.0,1.0
