keyword,sentiment_mean,sentiment_std,subjectivity_mean,subjectivity_std,counting
'Die PARTEI',-0.24265255745308179,1.063756771580007,0.028006911324059417,1.199595856896572,128.0
'Martin Horn',-0.6278496503048714,3.1930960808533997,-0.3156360684798609,0.0,2.0
'Martin Sonneborn',-0.1583600726092242,0.6603320448573443,-0.10256942544594733,0.8165254909601014,9.0
'SC Freiburg',0.032736757361141476,0.9621717108975162,-0.007962921535617508,0.9488937585038766,928.0
'Weinlese',0.39928852943363335,0.6776225262673717,0.8988253706277075,1.3790554742832681,10.0
'WorldCup',0.0,1.0,0.0,1.0,1.0
'Xavier Bettel',0.3205351853934674,1.7513385730822697,-0.29649034223562765,0.03316137060281689,3.0
