keyword,sentiment_mean,sentiment_std,subjectivity_mean,subjectivity_std,counting
'Die PARTEI',-0.24079846704050317,1.072488733449017,0.023217407700023826,1.1850603244026578,128.0
'Martin Horn',-0.6245319600573546,3.238708187024412,-0.3206453769707159,0.0,2.0
'Martin Sonneborn',-0.1681332708152498,0.6169337051030288,-0.10572181997798753,0.7797110493490416,8.0
'SC Freiburg',0.036308615303409716,0.9590121313767294,-0.008366357039394626,0.9478694146573947,890.0
'Weinlese',0.4086119916883007,0.6793161613598152,0.8986847712102863,1.3727137399557128,10.0
'WorldCup',0.0,1.0,0.0,1.0,1.0
'Xavier Bettel',-0.058375999906885356,2.303096575301907,-0.2894221333589385,0.04415633457705471,2.0
