week,sentiment_mean,sentiment_std,subjectivity_mean,subjectivity_std,counting
2024-51,-0.26000902185018204,0.9258629768686266,0.48919132003798205,1.2736221152407237,10.0
2024-52,0.1332858759174832,1.4607583812434033,0.09959893869565484,0.6654296360554414,5.0
2025-01,-0.09329491718569748,0.7747049580171723,-0.28869964146320104,0.30036833549857395,19.0
2025-02,1.4611254064583377,1.0,-0.4003465850830085,1.0,1.0
2025-03,0.2820344603006415,0.2598835245277824,-0.33380391349771643,0.09410554863245883,2.0
2025-04,0.31512566897225824,0.8242447167936992,-0.33380391349771643,0.07683685870473046,5.0
2025-05,-0.6092041443679961,1.0265363454959782,-0.4264014327112209,0.6030226891555273,2.0
2025-06,-0.16361314254427117,1.0,-0.4003465850830085,1.0,1.0
2025-07,1.5024630248020077,1.0,3.474396144861517,1.0,1.0
