keyword,sentiment_mean,sentiment_std,subjectivity_mean,subjectivity_std,counting
'Die PARTEI',-0.236337678357893,1.0463874510383817,0.012378670530695635,1.2028833371817564,128.0
'Martin Horn',-0.5162361532534375,2.2191641291841218,-0.3067402940508988,0.0,3.0
'Martin Sonneborn',-0.15699569961576063,0.659517250191535,-0.09372652223982532,0.8114004348756529,9.0
'SC Freiburg',0.029199001510924492,0.9695238730065701,-0.007008576000647022,0.9530835532127535,1021.0
'Weinlese',0.30841507061324247,0.6439236830753244,0.7624084066614002,1.204781222314787,13.0
'WorldCup',0.0,1.0,0.0,1.0,1.0
'Xavier Bettel',0.30783879512063267,1.7399223580936811,-0.2905598259496529,0.028025392841605434,3.0
