keyword,sentiment_mean,sentiment_std,subjectivity_mean,subjectivity_std,counting
'Die PARTEI',-0.27327041827753645,1.0195041423148217,-0.010047159914494137,1.1013169036900827,129.0
'Martin Horn',-0.02209089704922873,2.088094961833176,-0.3657334331639186,0.08951104455738759,4.0
'Martin Sonneborn',-0.3178831292246153,0.7808722083023618,-0.17676638202881065,0.7756919986473694,14.0
'SC Freiburg',0.007777018429575946,0.9767247126209931,-0.0058041878756714,0.9771153381704543,1537.0
'Weinlese',0.3942753936427042,0.9705735526154634,0.2463891617733707,1.125187851674008,72.0
'WorldCup',0.0,1.0,0.0,1.0,1.0
'Xavier Bettel',0.1544029687722145,1.178687001114974,-0.032211306572804105,0.8628968405145329,9.0
