topic,sentiment_mean,sentiment_std,subjectivity_mean,subjectivity_std,counting
Bundesliga,0.0965893681895243,0.8411829811200412,0.007283880511979422,0.947960689352226,105.0
Deutschland,-0.0951753233173751,0.9827174265913728,-0.031324467101931444,0.9500115023280418,88.0
Freiburg,-0.1311475086493273,1.0303924748941518,-0.0368633738832951,0.9445773824553224,88.0
Luxemburg,0.4942547435084473,0.23719466949841286,0.5265801096342612,0.612484701230057,5.0
Qatar,0.0,1.0,0.0,1.0,1.0
