keyword,sentiment_mean,sentiment_std,subjectivity_mean,subjectivity_std,counting
'Die PARTEI',-0.23806214427669492,1.0421980655245737,0.01882076033029573,1.2193164700675463,128.0
'Martin Horn',-0.5237623138512518,2.236230022046104,-0.3044403093603404,0.0,3.0
'Martin Sonneborn',-0.17489007855334923,0.6541840131756237,-0.10413612848067022,0.8174525946224714,9.0
'SC Freiburg',0.025169237836353858,0.9681303506252577,-0.007774402147713928,0.9534287055709312,1067.0
'Weinlese',0.41291583085299594,0.9072170846201657,0.5412453210545483,1.1241900111864715,19.0
'WorldCup',0.0,1.0,0.0,1.0,1.0
'Xavier Bettel',0.31215960638584117,1.743828270760353,-0.28902650282261394,0.026697496061379507,3.0
