keyword,sentiment_mean,sentiment_std,subjectivity_mean,subjectivity_std,counting
'Die PARTEI',-0.23804886902902883,1.0419918861344069,0.02172373138513472,1.2268249982348194,128.0
'Martin Horn',-0.5295281601804264,2.250323771019583,-0.30457390181044935,0.0,3.0
'Martin Sonneborn',-0.17489007855334923,0.6541840131756237,-0.10413612848067022,0.8174525946224714,9.0
'SC Freiburg',0.02123498644633038,0.9693859276676811,-0.009287425432272551,0.9535441325355565,1093.0
'Weinlese',0.4608905844496146,0.8600237721164873,0.46927477047016736,1.0916868576794103,25.0
'WorldCup',0.0,1.0,0.0,1.0,1.0
'Xavier Bettel',0.31602763904757825,1.7473121757697894,-0.28911556445601994,0.02677462569841161,3.0
