keyword,sentiment_mean,sentiment_std,subjectivity_mean,subjectivity_std,counting
'Die PARTEI',-0.27087488830429385,1.0356161876892418,0.0014329293779524327,1.2490785131866917,129.0
'Martin Horn',-0.5554952471211065,2.2748639051345565,-0.29894005898130893,0.0,3.0
'Martin Sonneborn',-0.30307495781403127,0.7688722573557902,-0.1972672384190041,0.7858699366455523,14.0
'SC Freiburg',0.010137242232422941,0.9680472990893306,-0.007612487651081656,0.9564230968342534,1255.0
'Weinlese',0.46048334947102304,0.9886880997140196,0.24813533225418227,1.081440735877463,63.0
'WorldCup',0.0,1.0,0.0,1.0,1.0
'Xavier Bettel',0.18935575610421185,1.3041218492744537,0.04673148401282575,0.853480194760201,6.0
