keyword,sentiment_mean,sentiment_std,subjectivity_mean,subjectivity_std,counting
'Sturmflut Deiche',0.21407843881788371,0.6690836485913074,2.2677868380553634,1.0,2.0
'Sturmflut F채hrausf채lle',0.6916772700656597,0.1541164946257197,-0.3779644730092272,1.0,2.0
'Sturmflut Hochwasser',0.21697994859158928,1.0,-0.3779644730092272,1.0,1.0
'Sturmflut K체stenschutz',-1.059625885652035,1.0,0.775880177444458,1.0,1.0
'Sturmflut Sch채den',0.18289328451991888,0.07133300111869163,-0.5642764926868785,0.7980074688861062,2.0
'Sturmflut Sturmtief',0.005635940097270864,0.8160924585640513,-0.1889822365046136,0.26726124191242434,2.0
'Sturmflut',-0.17155768533736213,1.1015796489188412,-0.15624412221967648,0.3282104543517691,9.0
