topic,sentiment_mean,sentiment_std,subjectivity_mean,subjectivity_std,counting
Bundesliga,0.008574338439848237,0.973713237599004,-0.004666239323684936,0.9780544306726752,1412.0
Deutschland,-0.2782054633831367,1.0044719035523328,-0.03803778172441634,1.0564821319116404,143.0
Freiburg,-0.2795776847567515,1.0551583792906165,-0.02874294745914373,1.0719866288501525,132.0
Luxemburg,0.38289866672665024,0.9915592300067331,0.1944997127986643,1.079860553388445,81.0
Qatar,0.0,1.0,0.0,1.0,1.0
