domain,sentiment_mean,sentiment_std,subjectivity_mean,subjectivity_std,counting
www.stern.de,-0.10527077497665734,0.20646927941352514,0.05546218487394958,0.13419091951824633,17.0
www.zeit.de,0.03487179487179486,0.26655767003219294,0.0,0.0,13.0
www.bild.de,0.032916666666666664,0.12179502361663952,0.0,0.0,4.0
www.welt.de,0.030833333333333324,0.2103502370386642,0.12698412698412698,0.1489020876134422,4.0
www.n-tv.de,-0.2857142857142857,0.40406101782088427,0.0,0.0,2.0
www.nzz.ch,0.0,1.0,0.0,1.0,1.0
www.rostock-heute.de,0.0,1.0,0.0,1.0,1.0
www.spektrum.de,0.0,1.0,0.0,1.0,1.0
www.tagesspiegel.de,0.0,1.0,0.0,1.0,1.0
