keyword,sentiment_mean,sentiment_std,subjectivity_mean,subjectivity_std,counting
'Die PARTEI',-0.27639202333943463,1.03058325575727,-0.023648249151927304,1.0799232521460869,129.0
'Martin Horn',-0.5266279445802852,2.2686858262185905,-0.3095242464576562,0.0,3.0
'Martin Sonneborn',-0.3190376067536819,0.781066605282653,-0.18545337165601933,0.7800747483203454,14.0
'SC Freiburg',0.008581179786776616,0.9724837425864297,-0.004889141294420756,0.9781177362194711,1369.0
'Weinlese',0.41016506450745865,0.9661762384739049,0.22285320441343845,1.0955835298281449,72.0
'WorldCup',0.0,1.0,0.0,1.0,1.0
'Xavier Bettel',0.3136318911191219,1.2682973248165528,0.01304984929833313,0.8951259875343716,7.0
