topic,sentiment_mean,sentiment_std,subjectivity_mean,subjectivity_std,counting
Bundesliga,0.007639221197908881,0.976387467947597,-0.006031550513872347,0.9769017961635614,1557.0
Deutschland,-0.27983175980010744,0.9976797621755571,-0.02486798775049944,1.0734960592495577,143.0
Freiburg,-0.2673731160676663,1.05529958169586,-0.019368274108962746,1.0872647747542337,133.0
Luxemburg,0.37176379252629765,0.9962443273391822,0.21669505121464017,1.1032451745444003,81.0
Qatar,0.0,1.0,0.0,1.0,1.0
