keyword,sentiment_mean,sentiment_std,subjectivity_mean,subjectivity_std,counting
'Die PARTEI',-0.2750736088222523,1.0207904246832442,-0.008472522230385499,1.1023820717897466,129.0
'Martin Horn',-0.020957347920920355,2.105782399830511,-0.3680323342234354,0.08797844385104307,4.0
'Martin Sonneborn',-0.3233348544547824,0.7835518855294566,-0.17476938679154133,0.7747088253827931,14.0
'SC Freiburg',0.007639221197908881,0.976387467947597,-0.006031550513872347,0.9769017961635614,1557.0
'Weinlese',0.39862576337081346,0.9762973496328431,0.25035897997807965,1.132705733804424,72.0
'WorldCup',0.0,1.0,0.0,1.0,1.0
'Xavier Bettel',0.15985268919733997,1.1848720388367036,-0.033914196246520215,0.8635392156550997,9.0
