topic,sentiment_mean,sentiment_std,subjectivity_mean,subjectivity_std,counting
Causes,-0.5025840266682476,0.41724925338882707,-0.2066540160580993,0.2922529122282314,3.0
Hazard,0.09049521319594449,1.1133330313789624,-0.035115623231925165,0.8983072431271676,24.0
Impacts,-0.09754017995985759,0.5616471639508952,-0.026783190048679822,1.1047523385702274,9.0
Mitigation,-0.09187333103088877,0.6102331826297043,0.33794846935227163,0.6535835593462692,5.0
