keyword,sentiment_mean,sentiment_std,subjectivity_mean,subjectivity_std,counting
'Die PARTEI',-0.24506316001345133,1.0478110922690844,0.01581796486899642,1.2421792461415568,128.0
'Martin Horn',-0.5475854616063437,2.2529691421734777,-0.3087630160042945,0.0,3.0
'Martin Sonneborn',-0.16610414096646026,0.6557823458787121,-0.11247776977797012,0.8224842616833353,9.0
'SC Freiburg',0.021361602517049945,0.9689498265818515,-0.008872264751068313,0.9524007236098319,1109.0
'Weinlese',0.46525122739695884,0.8554194796329605,0.47357806696089494,1.0633139354671048,26.0
'WorldCup',0.0,1.0,0.0,1.0,1.0
'Xavier Bettel',0.30543695342938326,1.7382374344959286,-0.2919083072519167,0.0291932119058942,3.0
