topic,sentiment_mean,sentiment_std,subjectivity_mean,subjectivity_std,counting
Causes,0.005635940097270864,0.8160924585640513,-0.1889822365046136,0.26726124191242434,2.0
Hazard,-0.17155768533736213,1.1015796489188412,-0.15624412221967648,0.3282104543517691,9.0
Impacts,0.3932242115525493,0.28571357387926216,-0.47112048284805286,0.47312017115963795,5.0
Mitigation,-0.2104896693387559,0.8744202077932852,1.5218335077499108,1.0549373166153482,3.0
