topic,sentiment_mean,sentiment_std,subjectivity_mean,subjectivity_std,counting
Bundesliga,0.032736757361141476,0.9621717108975162,-0.007962921535617508,0.9488937585038766,928.0
Deutschland,-0.23711509494509103,1.0405687039459477,0.01917091861029956,1.1757573179632883,137.0
Freiburg,-0.24857866657387837,1.093314838361087,0.022552260850981328,1.1907414467838533,130.0
Luxemburg,0.3811146808089797,0.9256185635206856,0.5999964424118738,1.2944393515199113,13.0
Qatar,0.0,1.0,0.0,1.0,1.0
