topic,sentiment_mean,sentiment_std,subjectivity_mean,subjectivity_std,counting
Bundesliga,0.007777018429575946,0.9767247126209931,-0.0058041878756714,0.9771153381704543,1537.0
Deutschland,-0.27766885456809354,0.9962852266140015,-0.02648426632013098,1.072582245621772,143.0
Freiburg,-0.26565891763425425,1.0532664688290758,-0.020825531831143364,1.0861828808815774,133.0
Luxemburg,0.3672897458447741,0.9905562102804917,0.21339700104816575,1.0962464155311715,81.0
Qatar,0.0,1.0,0.0,1.0,1.0
