topic,sentiment_mean,sentiment_std,subjectivity_mean,subjectivity_std,counting
Bundesliga,0.00788166929062242,0.9766096213783074,-0.005525467262557942,0.9772483530516567,1510.0
Deutschland,-0.2774683512477888,0.9948510575531512,-0.028547863518099098,1.0687349501700962,143.0
Freiburg,-0.26541267013733627,1.0517973810907875,-0.022991561750153586,1.0820649326276726,133.0
Luxemburg,0.3671444161608296,0.9878373682046949,0.2101210572624354,1.0943042783295673,81.0
Qatar,0.0,1.0,0.0,1.0,1.0
