keyword,sentiment_mean,sentiment_std,subjectivity_mean,subjectivity_std,counting
'Die PARTEI',-0.08121646873016339,0.9824954011997674,-0.03346512275162136,0.926160882150532,128.0
'Martin Horn',-2.884132459736661,1.0,-0.4396494271957474,1.0,1.0
'Martin Sonneborn',-0.17062730095415554,0.7586965568795175,,1.0,2.0
'SC Freiburg',0.10870401949937208,0.8344070018125004,0.0207303179523572,0.9573622135292835,113.0
'Weinlese',0.36791640756078736,0.3599320234779715,0.5516815530708034,0.7037076851341764,5.0
'WorldCup',0.0,1.0,0.0,1.0,1.0
