domain,sentiment_mean,sentiment_std,subjectivity_mean,subjectivity_std,counting
www.stern.de,-0.20960884353741496,0.1595024967148347,0.02040816326530612,0.05399492471560389,7.0
www.zeit.de,0.04888888888888889,0.18873457749109127,0.0,0.0,6.0
www.welt.de,0.12444444444444443,0.11744186899310052,0.1693121693121693,0.1500258928969082,3.0
www.bild.de,0.0,1.0,0.0,1.0,1.0
www.n-tv.de,0.0,1.0,0.0,1.0,1.0
www.rostock-heute.de,0.0,1.0,0.0,1.0,1.0
