week,sentiment_mean,sentiment_std,subjectivity_mean,subjectivity_std,counting
2024-51,-0.24006780235286831,0.9405136733333832,0.8266160642323973,1.4035920305542113,10.0
2024-52,-0.037923068072406266,1.5326991567201342,0.12085738177608647,0.603735893820177,5.0
2025-01,-0.06825135378721997,0.7608659334057676,-0.3335487638416226,0.3701313415084015,19.0
2025-02,1.4093382876013543,1.0,-0.4133080321161986,1.0,1.0
2025-03,0.352776900799865,0.37718076220398544,-0.4133080321161986,1.0,2.0
2025-04,0.274770439637893,0.9699678834777982,-0.4133080321161986,0.0,4.0
