topic,sentiment_mean,sentiment_std,subjectivity_mean,subjectivity_std,counting
Bundesliga,0.009042597368274279,0.9743552140906249,-0.005177956490611409,0.9775207588831751,1464.0
Deutschland,-0.28390570211664273,1.0002983502858327,-0.03315167230263931,1.0594645167099632,143.0
Freiburg,-0.2719206352759905,1.057488168407302,-0.02745517084403812,1.0720033506626374,133.0
Luxemburg,0.36278962971768663,0.996774295180998,0.2050684301862138,1.089142780439794,81.0
Qatar,0.0,1.0,0.0,1.0,1.0
