keyword,sentiment_mean,sentiment_std,subjectivity_mean,subjectivity_std,counting
'Die PARTEI',-0.26113949563917743,1.0465322662368892,0.022044004446097294,1.2588503191730154,128.0
'Martin Horn',-0.5585297120008234,2.27149913128515,-0.3075267612891254,0.0,3.0
'Martin Sonneborn',-0.16090458131762808,0.7286097400236443,-0.11199852827901526,0.8731612995455852,11.0
'SC Freiburg',0.016409468557949666,0.9683685770072349,-0.007238983528580488,0.9544205704668478,1154.0
'Weinlese',0.49542362736329687,0.9144124700885892,0.3125630674452094,1.0689496602248094,38.0
'WorldCup',0.0,1.0,0.0,1.0,1.0
'Xavier Bettel',0.30828017405189506,1.740892159848239,-0.291084137441804,0.02847945991330439,3.0
