topic,sentiment_mean,sentiment_std,subjectivity_mean,subjectivity_std,counting
Bundesliga,0.025169237836353858,0.9681303506252577,-0.007774402147713928,0.9534287055709312,1067.0
Deutschland,-0.233912154557643,1.019665693814711,0.010623634409564665,1.1948721478428512,137.0
Freiburg,-0.2446048962516847,1.0676544023667418,0.011303061035164676,1.205935141521512,131.0
Luxemburg,0.39917634569838384,0.9981637332393977,0.42802643598038975,1.0809151618413146,22.0
Qatar,0.0,1.0,0.0,1.0,1.0
