keyword,sentiment_mean,sentiment_std,subjectivity_mean,subjectivity_std,counting
'Die PARTEI',-0.2422722991450285,1.0515685083556119,0.01697964349440053,1.2164920538415642,128.0
'Martin Horn',-0.5108061555755196,2.229033752914511,-0.3017959527291166,0.0,3.0
'Martin Sonneborn',-0.17489007855334923,0.6541840131756237,-0.10413612848067022,0.8174525946224714,9.0
'SC Freiburg',0.02901914275535721,0.9695670901787111,-0.007419779633857511,0.9521967223113544,1054.0
'Weinlese',0.314702420362307,0.6410382580345996,0.7718242718152826,1.2140596630925384,13.0
'WorldCup',0.0,1.0,0.0,1.0,1.0
'Xavier Bettel',0.3168593331731882,1.7477886816532815,-0.2872635984017981,0.02517077604850907,3.0
