keyword,sentiment_mean,sentiment_std,subjectivity_mean,subjectivity_std,counting
'Die PARTEI',-0.26889955790695785,1.0350043548952261,0.00572617996951273,1.253705695353044,129.0
'Martin Horn',-0.5563658351661593,2.268039960519144,-0.30006609129111267,0.0,3.0
'Martin Sonneborn',-0.3005224233333781,0.7652770187939439,-0.19492253007569543,0.7845166871985665,14.0
'SC Freiburg',0.009816015113440152,0.9672230089784496,-0.006967478119466896,0.9569362436000683,1251.0
'Weinlese',0.4953035428085864,0.9981695064454119,0.24060615735368185,1.0652579303877736,59.0
'WorldCup',0.0,1.0,0.0,1.0,1.0
'Xavier Bettel',0.1869887252753516,1.3016824044772366,0.04598079580628995,0.8538451620107513,6.0
