topic,sentiment_mean,sentiment_std,subjectivity_mean,subjectivity_std,counting
Bundesliga,0.021361602517049945,0.9689498265818515,-0.008872264751068313,0.9524007236098319,1109.0
Deutschland,-0.23987607117094825,1.0251511915750726,0.00726491589253199,1.2168783929458493,137.0
Freiburg,-0.2519911516529832,1.0736506319367265,0.008269569964966394,1.2285181246954506,131.0
Luxemburg,0.44871871629686483,0.9336027819204805,0.394389821352673,1.0323979233438256,29.0
Qatar,0.0,1.0,0.0,1.0,1.0
