keyword,sentiment_mean,sentiment_std,subjectivity_mean,subjectivity_std,counting
'Die PARTEI',-0.23455205772021542,1.043360139966666,0.01341295851134196,1.2012740960840043,128.0
'Martin Horn',-0.5124725856207818,2.212011010186083,-0.30893502090918157,0.0,3.0
'Martin Sonneborn',-0.15870400058446812,0.6586449023838828,-0.09652435582745843,0.8130020577318804,9.0
'SC Freiburg',0.02967786141069856,0.9693962722506202,-0.0072221680376111765,0.9522415049287097,997.0
'Weinlese',0.3169149261611399,0.659650712221625,0.8233704982183577,1.233263863823232,12.0
'WorldCup',0.0,1.0,0.0,1.0,1.0
'Xavier Bettel',0.3064337393809055,1.7386345358889,-0.29202297718850806,0.029292518984032682,3.0
