week,sentiment_mean,sentiment_std,subjectivity_mean,subjectivity_std,counting
2024-51,0.21407843881788371,0.6690836485913074,2.2677868380553634,1.0,2.0
2024-52,-1.059625885652035,1.0,0.775880177444458,1.0,1.0
2025-01,0.027085860620064302,0.8841831504415566,-0.27669700140907466,0.3758961653056738,16.0
