topic,sentiment_mean,sentiment_std,subjectivity_mean,subjectivity_std,counting
Bundesliga,0.030231479220648335,0.9685241947970278,-0.007422607091167726,0.9504434988135614,979.0
Deutschland,-0.2252727004755968,1.0218496786917146,0.00958532115867574,1.17551171779326,137.0
Freiburg,-0.2364568548127747,1.0686396412777972,0.00998536258928903,1.1859324216803822,131.0
Luxemburg,0.3072113800167325,0.9333537439545299,0.6149963583983389,1.2742677434400294,14.0
Qatar,0.0,1.0,0.0,1.0,1.0
