domain,sentiment_mean,sentiment_std,subjectivity_mean,subjectivity_std,counting
www.stern.de,-0.1144359410430839,0.22693128274062666,0.0673469387755102,0.1459477306306963,14.0
www.zeit.de,0.0033333333333333327,0.2607538927659424,0.0,0.0,10.0
www.bild.de,0.032916666666666664,0.12179502361663952,0.0,0.0,4.0
www.welt.de,0.12444444444444443,0.11744186899310052,0.1693121693121693,0.1500258928969082,3.0
www.n-tv.de,0.0,1.0,0.0,1.0,1.0
www.nzz.ch,0.0,1.0,0.0,1.0,1.0
www.rostock-heute.de,0.0,1.0,0.0,1.0,1.0
www.tagesspiegel.de,0.0,1.0,0.0,1.0,1.0
