keyword,sentiment_mean,sentiment_std,subjectivity_mean,subjectivity_std,counting
'Die PARTEI',-0.0771831565643104,0.9741782490251653,-0.026984136972278108,0.9397135299650728,108.0
'Martin Horn',-3.0755365288416985,1.0,-0.4531365598855387,1.0,1.0
'Martin Sonneborn',-0.2781755544488329,0.6066003581778052,,1.0,2.0
'SC Freiburg',0.09187037698229256,0.8420210785550117,0.012285734337076236,0.9441554450163346,110.0
'Weinlese',0.4917272925275576,0.2554890451638833,0.48440365313086353,0.5754279044886457,5.0
'WorldCup',0.0,1.0,0.0,1.0,1.0
