topic,sentiment_mean,sentiment_std,subjectivity_mean,subjectivity_std,counting
Bundesliga,0.10870401949937208,0.8344070018125004,0.0207303179523572,0.9573622135292835,113.0
Deutschland,-0.08261351298366326,0.9771141460484567,-0.03346512275162136,0.926160882150532,130.0
Freiburg,-0.10328667338375785,1.0097014677279461,-0.03696671158303624,0.9228961836951811,129.0
Luxemburg,0.36791640756078736,0.3599320234779715,0.5516815530708034,0.7037076851341764,5.0
Qatar,0.0,1.0,0.0,1.0,1.0
