topic,sentiment_mean,sentiment_std,subjectivity_mean,subjectivity_std,counting
Bundesliga,0.03750395193130294,0.9583113612244232,-0.008873184861828282,0.9465409627071297,877.0
Deutschland,-0.23453514932840508,1.0453596307982007,0.0320666679943324,1.1823747260567783,136.0
Freiburg,-0.2445950378507121,1.0981506614457976,0.031696604326445006,1.1929046883754115,130.0
Luxemburg,0.31184357760388454,1.0366327669412034,0.6450638261824995,1.344624615994375,10.0
Qatar,0.0,1.0,0.0,1.0,1.0
