topic,sentiment_mean,sentiment_std,subjectivity_mean,subjectivity_std,counting
Bundesliga,0.10966353775276806,0.8452470588193518,0.013510416859374964,0.953778927626588,129.0
Deutschland,-0.09650538848588858,0.9839257879285556,-0.02896373508799647,0.9352352957627664,130.0
Freiburg,-0.11774087547532842,1.0173142670832929,-0.032623036113459826,0.9319938687926067,129.0
Luxemburg,0.3667725820151632,0.35835435429633306,0.553015881106243,0.7043583302103991,5.0
Qatar,0.0,1.0,0.0,1.0,1.0
