keyword,sentiment_mean,sentiment_std,subjectivity_mean,subjectivity_std,counting
'Die PARTEI',-0.273135838740843,1.0180635879351898,-0.012231995265944831,1.097135737142783,129.0
'Martin Horn',-0.018271274825122752,2.0849333990191403,-0.367297689244833,0.08846820717011131,4.0
'Martin Sonneborn',-0.31707989416843657,0.7794364881582174,-0.17772151610922376,0.7762349555018362,14.0
'SC Freiburg',0.00788166929062242,0.9766096213783074,-0.005525467262557942,0.9772483530516567,1510.0
'Weinlese',0.39381628377162337,0.9675843432770862,0.24282881320855362,1.12306811513469,72.0
'WorldCup',0.0,1.0,0.0,1.0,1.0
'Xavier Bettel',0.1567330161201235,1.1782223432147236,-0.03337001478088887,0.863333659277882,9.0
