keyword,sentiment_mean,sentiment_std,subjectivity_mean,subjectivity_std,counting
'Die PARTEI',-0.2299613372164121,1.0433004549076552,0.016348962456427717,1.1952628649918045,128.0
'Martin Horn',-0.6087190767257571,3.104051943898865,-0.3134696858191465,0.0,2.0
'Martin Sonneborn',-0.1583600726092242,0.6603320448573443,-0.10256942544594733,0.8165254909601014,9.0
'SC Freiburg',0.03050457696463006,0.967579726875709,-0.007661090574127681,0.9495794746172902,960.0
'Weinlese',0.3088790196364312,0.7275257427622399,0.8596491397779219,1.3387754244768302,11.0
'WorldCup',0.0,1.0,0.0,1.0,1.0
'Xavier Bettel',0.2969973164987603,1.7303935062375724,-0.29504608712848474,0.031910608990485693,3.0
