topic,sentiment_mean,sentiment_std,subjectivity_mean,subjectivity_std,counting
Bundesliga,0.02123498644633038,0.9693859276676811,-0.009287425432272551,0.9535441325355565,1093.0
Deutschland,-0.2338997514065389,1.0194688536648588,0.013333074060747732,1.2020391223073872,137.0
Freiburg,-0.24472396729967158,1.0679485663550947,0.014135414334074631,1.2133676963676703,131.0
Luxemburg,0.4453695545851107,0.9411142245441906,0.38801866315664746,1.056632572315164,28.0
Qatar,0.0,1.0,0.0,1.0,1.0
