week,sentiment_mean,sentiment_std,subjectivity_mean,subjectivity_std,counting
2024-51,-0.28718070614385244,0.9212863486980073,0.5153087099465409,1.30914618307321,10.0
2024-52,0.12224092562557487,1.4381394713067106,0.10255054719397588,0.662492565463165,5.0
2025-01,-0.1132601806500442,0.7877883832543361,-0.2835343265911392,0.29837468372378073,19.0
2025-02,1.406257607922979,1.0,-0.38854015108972434,1.0,1.0
2025-03,0.2548281185221286,0.2983591020535131,-0.32790069650107434,0.08575713909417618,2.0
2025-04,0.2933356088447552,0.8257554667593971,-0.32790069650107434,0.07002041086053828,5.0
2025-05,-0.6092041443679961,1.0265363454959782,-0.4264014327112209,0.6030226891555273,2.0
2025-06,-0.21793837263487217,1.0,-0.38854015108972434,1.0,1.0
2025-07,1.2406503189206708,0.37025907945898484,1.5429279968858964,2.731508450158767,2.0
