topic,sentiment_mean,sentiment_std,subjectivity_mean,subjectivity_std,counting
Bundesliga,0.006670010800501014,0.9762102776610089,-0.006271603620018852,0.976581181851868,1604.0
Deutschland,-0.28076399871907637,1.0004931912084758,-0.02055312573713716,1.0812847204625118,143.0
Freiburg,-0.2677881977316237,1.0581724691955434,-0.015041287536036669,1.0956730567328072,133.0
Luxemburg,0.38426618531716344,0.9968855511503518,0.21405179959310144,1.1010581932140857,82.0
Qatar,0.0,1.0,0.0,1.0,1.0
