keyword,sentiment_mean,sentiment_std,subjectivity_mean,subjectivity_std,counting
'Die PARTEI',-0.269751874761704,1.0304756463719924,0.005648576422754364,1.2566845394150028,129.0
'Martin Horn',-0.5124988860367824,2.229887353961197,-0.29563655568836095,0.0,3.0
'Martin Sonneborn',-0.3099013733492456,0.7679244386865711,-0.19129703112566648,0.7830070096725554,14.0
'SC Freiburg',0.009362035944270684,0.969928962851795,-0.008081188900363287,0.9562059912751283,1280.0
'Weinlese',0.46480025363526256,0.979619397967335,0.25008100456666993,1.082934795908362,63.0
'WorldCup',0.0,1.0,0.0,1.0,1.0
'Xavier Bettel',0.20624427825192201,1.2926231063613887,0.048933819541457764,0.8524108573264911,6.0
