topic,sentiment_mean,sentiment_std,subjectivity_mean,subjectivity_std,counting
Bundesliga,0.036308615303409716,0.9590121313767294,-0.008366357039394626,0.9478694146573947,890.0
Deutschland,-0.23652404373313526,1.049809443010359,0.015402909052871632,1.1627745434315484,136.0
Freiburg,-0.24670205924076247,1.1027051911730068,0.01775926826080573,1.176333252582888,130.0
Luxemburg,0.3307806597557697,0.9448882008303509,0.6826653340158817,1.318581872333127,12.0
Qatar,0.0,1.0,0.0,1.0,1.0
