keyword,sentiment_mean,sentiment_std,subjectivity_mean,subjectivity_std,counting
'Die PARTEI',-0.2408408790122188,1.0665066252277182,0.022281540036231118,1.198357235852997,128.0
'Martin Horn',-0.6319967439072017,3.20529916640358,-0.3132179212405924,0.0,2.0
'Martin Sonneborn',-0.1583600726092242,0.6603320448573443,-0.10256942544594733,0.8165254909601014,9.0
'SC Freiburg',0.032615512267757996,0.9625374302780514,-0.008612661778843596,0.94813455348841,943.0
'Weinlese',0.3074443164982798,0.730769124578076,0.8595524410909273,1.3346078069045242,11.0
'WorldCup',0.0,1.0,0.0,1.0,1.0
'Xavier Bettel',0.32274404949987473,1.7533353492754686,-0.2948782440761153,0.031765252643285065,3.0
