topic,sentiment_mean,sentiment_std,subjectivity_mean,subjectivity_std,counting
Bundesliga,0.008321531680209542,0.9761362473997863,-0.005266966854496379,0.9773594496809048,1495.0
Deutschland,-0.28049730207368173,0.995561176432002,-0.030587018855456217,1.0665081688605103,143.0
Freiburg,-0.2677995141208961,1.0519439553810752,-0.024974810342234654,1.0796052499467348,133.0
Luxemburg,0.36557263710362337,0.9901839352413716,0.20784178728491648,1.0926972523268053,81.0
Qatar,0.0,1.0,0.0,1.0,1.0
