week,sentiment_mean,sentiment_std,subjectivity_mean,subjectivity_std,counting
2022-43,0.1280432232297184,1.1594900157321784,0.24186207726965847,0.938648898972292,16.0
2022-44,0.1899315510726015,0.8077533634944271,-0.30274844524360206,0.43561596245013035,34.0
2022-45,-0.0182081663607724,0.6869167074582152,-0.026717769673734498,0.9560835712202361,43.0
2022-46,0.03819159172912253,0.9996709523699803,0.13331566783200594,0.9758289408139065,19.0
2022-47,0.019325610347269324,1.0819299915795202,-0.06505825140366163,0.9165354858424387,26.0
2022-48,-0.3016824084590634,0.9783296802497604,0.30475113074507687,1.1793623689691206,27.0
2022-49,-0.008864591828127462,0.829144618055378,0.07688083804867929,1.120765348442862,47.0
2022-50,0.2821539691282505,0.7786098286926811,-0.07905123502427727,0.8192635635115681,25.0
2022-51,-0.47305485359574023,1.3500588966460358,-0.2398935634217853,0.6105894968013115,14.0
