topic,sentiment_mean,sentiment_std,subjectivity_mean,subjectivity_std,counting
Causes,-0.2404505660683342,0.4680735840276424,-0.25247813910905104,0.3570580085307409,2.0
Hazard,0.05879742857539551,1.0600427239724455,-0.06792607025613989,0.8573198780976071,21.0
Impacts,-0.07401685549248758,0.560205636283086,-0.012122552122651157,1.0999957425654265,7.0
Mitigation,-0.3029407058648208,0.6612155461209233,0.5945131116296344,0.2564917642431373,3.0
