keyword,sentiment_mean,sentiment_std,subjectivity_mean,subjectivity_std,counting
'Die PARTEI',-0.27566390697287785,1.0182342245722626,-0.01426484995561065,1.0946501091507415,129.0
'Martin Horn',-0.016138942857477134,2.083891350578979,-0.36769354271420285,0.0882043048571981,4.0
'Martin Sonneborn',-0.32468834299531835,0.7867645940153428,-0.17981827736832992,0.7772851280769768,14.0
'SC Freiburg',0.008321531680209542,0.9761362473997863,-0.005266966854496379,0.9773594496809048,1495.0
'Weinlese',0.3918569588116637,0.9703845718941101,0.24028276104195198,1.121344719481517,72.0
'WorldCup',0.0,1.0,0.0,1.0,1.0
'Xavier Bettel',0.15821854362908291,1.1782097474165927,-0.033663239573014626,0.8634443882690515,9.0
