topic,sentiment_mean,sentiment_std,subjectivity_mean,subjectivity_std,counting
Bundesliga,0.09463503655934512,0.8444122274241297,-0.06126469577814606,0.8084191116401215,32.0
Deutschland,0.0,1.0,0.0,1.0,1.0
Freiburg,-2.3827529770498055,1.0,-0.47155190379316037,1.0,1.0
Luxemburg,0.20592637272624048,0.23798015259419478,0.8866974598987899,1.2543158668293166,4.0
