keyword,sentiment_mean,sentiment_std,subjectivity_mean,subjectivity_std,counting
'Die PARTEI',-0.24140577636618316,1.07723134537881,0.025311199507404163,1.191689837251812,128.0
'Martin Horn',-0.6295921718477652,3.2363912747389842,-0.3197939068792327,0.0,2.0
'Martin Sonneborn',-0.1583600726092242,0.6603320448573443,-0.10256942544594733,0.8165254909601014,9.0
'SC Freiburg',0.03483454658564951,0.9593223174472137,-0.008103475491118022,0.9484415172355246,903.0
'Weinlese',0.4079470164904559,0.6784508586049108,0.8971706500295125,1.3753719953900945,10.0
'WorldCup',0.0,1.0,0.0,1.0,1.0
'Xavier Bettel',0.3370192612448058,1.7658567967597625,-0.2992622345018755,0.035561899721941154,3.0
