keyword,sentiment_mean,sentiment_std,subjectivity_mean,subjectivity_std,counting
'Die PARTEI',-0.22860963331049716,1.0559172194677007,0.0325657575982453,1.1821968968673389,128.0
'Martin Horn',-0.6260760927141729,3.203552744327218,-0.3250072171215143,0.0,2.0
'Martin Sonneborn',-0.1686352142207091,0.6164348821644112,-0.0625037527657196,0.8317700371957077,8.0
'SC Freiburg',0.03801431886579427,0.959296120726701,-0.008502720592741302,0.947550862817825,835.0
'Weinlese',0.4013626002524807,0.7559307319281167,0.9076850118104843,1.4258421414697333,8.0
'WorldCup',0.0,1.0,0.0,1.0,1.0
'Xavier Bettel',-0.07105950361688684,2.2851593923368134,-0.2916030534343377,0.047240621326136,2.0
