keyword,sentiment_mean,sentiment_std,subjectivity_mean,subjectivity_std,counting
'Die PARTEI',-0.2745569939164951,1.0289285599625482,-0.021146837413609298,1.0836143861495697,129.0
'Martin Horn',-0.5264129781228152,2.254412873513923,-0.32252779059513387,0.0,3.0
'Martin Sonneborn',-0.32246198852610103,0.780532135859114,-0.18423138469078268,0.77952862742782,14.0
'SC Freiburg',0.008478398255658045,0.974117286205719,-0.0047496669043275855,0.9779344251790908,1439.0
'Weinlese',0.41351729382854346,0.9721738771208025,0.22735580201211728,1.1118856451543804,72.0
'WorldCup',0.0,1.0,0.0,1.0,1.0
'Xavier Bettel',0.1506461137563672,1.179417199785826,-0.03307235085608689,0.863221331121775,9.0
