topic,sentiment_mean,sentiment_std,subjectivity_mean,subjectivity_std,counting
Bundesliga,0.11746306690824289,0.8047064182021791,0.038939272916413456,0.949404066167996,76.0
Deutschland,-0.13504009519894336,0.9921904591701143,-0.07054136945356793,0.8900427816190346,47.0
Freiburg,-0.19676735957061398,1.0707428117820152,-0.08326493504968077,0.8919100985277373,47.0
Luxemburg,0.34044934661170984,0.2813007871080414,0.4424742749619398,0.3989847316546992,5.0
Qatar,0.0,1.0,0.0,1.0,1.0
