keyword,sentiment_mean,sentiment_std,subjectivity_mean,subjectivity_std,counting
'Die PARTEI',-0.2647477554612208,1.0292207835545246,0.02938961859586967,1.2705157262894884,128.0
'Martin Horn',-0.5564412214058603,2.2739371607085683,-0.3101810966610552,0.0,3.0
'Martin Sonneborn',-0.30313486069472656,0.7558184764632914,-0.19693458462452942,0.7848747054826614,14.0
'SC Freiburg',0.019012643564289042,0.972006301664369,-0.006587831365392276,0.9548728696078841,1186.0
'Weinlese',0.47616895996959446,0.888506554547077,0.31547974811309726,1.07192650200227,38.0
'WorldCup',0.0,1.0,0.0,1.0,1.0
'Xavier Bettel',0.311006561542258,1.743263456640408,-0.29285369435642383,0.030011941154807587,3.0
