topic,sentiment_mean,sentiment_std,subjectivity_mean,subjectivity_std,counting
Causes,-0.24742957910392344,0.7406405633012445,-0.33380391349771643,0.0941055486324588,4.0
Hazard,0.04825852242939174,1.0689797362985451,-0.123273762486583,0.6625690047468131,26.0
Impacts,-0.07027186442523474,0.584142625821932,-0.007178325386629066,1.030665756263816,9.0
Mitigation,0.054634787582660174,0.8490325787919482,0.4920336471685602,1.473188302516163,7.0
