topic,sentiment_mean,sentiment_std,subjectivity_mean,subjectivity_std,counting
Bundesliga,0.032615512267757996,0.9625374302780514,-0.008612661778843596,0.94813455348841,943.0
Deutschland,-0.23542243187625553,1.0431849324082174,0.013958142337419216,1.1748996664794844,137.0
Freiburg,-0.24685866154906463,1.0962574149403224,0.017039360953780756,1.1896175206503834,130.0
Luxemburg,0.31072283071290724,0.9400964186522947,0.6121744371265609,1.269620972809973,14.0
Qatar,0.0,1.0,0.0,1.0,1.0
