keyword,sentiment_mean,sentiment_std,subjectivity_mean,subjectivity_std,counting
'Die PARTEI',-0.2737394477019833,1.0283660163349582,-0.021914201575647264,1.0836274482125532,129.0
'Martin Horn',-0.5286757990935232,2.2626342983267635,-0.32010277182165986,0.0,3.0
'Martin Sonneborn',-0.3190376067536819,0.781066605282653,-0.18545337165601933,0.7800747483203454,14.0
'SC Freiburg',0.008574338439848237,0.973713237599004,-0.004666239323684936,0.9780544306726752,1412.0
'Weinlese',0.41230695666370576,0.9707270484795049,0.22488812293337154,1.1076916912689425,72.0
'WorldCup',0.0,1.0,0.0,1.0,1.0
'Xavier Bettel',0.15089993500099008,1.1813340848073803,-0.03172511820415688,0.8627139047456993,9.0
