topic,sentiment_mean,sentiment_std,subjectivity_mean,subjectivity_std,counting
Bundesliga,0.029199001510924492,0.9695238730065701,-0.007008576000647022,0.9530835532127535,1021.0
Deutschland,-0.23112543157921278,1.0239353474738389,0.005304991012660908,1.1788799880200518,137.0
Freiburg,-0.2427475670959589,1.071069618457398,0.004957299261356237,1.1896836705297285,131.0
Luxemburg,0.30830701895837814,0.8575279567598096,0.5649768630468277,1.1582199916260931,16.0
Qatar,0.0,1.0,0.0,1.0,1.0
