week,sentiment_mean,sentiment_std,subjectivity_mean,subjectivity_std,counting
2022-43,-0.1319048205283158,0.9550198229198112,0.6387195834810661,1.3375658242342998,9.0
2022-44,0.33942745883424824,1.167790668067164,-0.47155190379316037,0.0,3.0
2022-45,0.002946101708648088,0.8603240827232629,-0.35819153098289586,0.08502027960769837,9.0
2022-46,0.05710516962278134,1.3625955177400948,0.07323148201286939,0.8665613374892848,6.0
2022-47,0.07848135359578481,0.18689107092147975,-0.15075567228888181,0.17407765595569785,5.0
