topic,sentiment_mean,sentiment_std,subjectivity_mean,subjectivity_std,counting
Bundesliga,0.008581179786776616,0.9724837425864297,-0.004889141294420756,0.9781177362194711,1369.0
Deutschland,-0.2805965174788676,1.0065062489616965,-0.03960086686359836,1.0530363352692644,143.0
Freiburg,-0.2821226169556375,1.057443787845485,-0.030195027716180635,1.0682527352706785,132.0
Luxemburg,0.40150183099824893,0.9872933079050515,0.2030069410917393,1.07465505470797,79.0
Qatar,0.0,1.0,0.0,1.0,1.0
