keyword,sentiment_mean,sentiment_std,subjectivity_mean,subjectivity_std,counting
'Die PARTEI',-0.27446515141579503,1.028506613725422,-0.023292592983611887,1.0805990518202746,129.0
'Martin Horn',-0.5274406703550186,2.256872283051636,-0.31693620508883286,0.0,3.0
'Martin Sonneborn',-0.3190376067536819,0.781066605282653,-0.18545337165601933,0.7800747483203454,14.0
'SC Freiburg',0.008933889980060936,0.9734208807803345,-0.004451348966556967,0.9784153962883222,1381.0
'Weinlese',0.41191054943800953,0.9685025371954724,0.2241936614054376,1.1044841720381322,72.0
'WorldCup',0.0,1.0,0.0,1.0,1.0
'Xavier Bettel',0.13725784035413627,1.1547332505267973,-0.05850249259599568,0.7881933963468877,9.0
