topic,sentiment_mean,sentiment_std,subjectivity_mean,subjectivity_std,counting
Causes,-0.26102060367839863,0.7362276847728929,-0.32790069650107434,0.08575713909417618,4.0
Hazard,0.06257025910565962,1.063050222506466,-0.12642702580301432,0.6646875209117006,27.0
Impacts,-0.10043928326196626,0.5942264622905064,0.007678248208793185,1.0564018055938003,9.0
Mitigation,0.03909128117406862,0.8491813407582682,0.49921696465604853,1.4729358376470805,7.0
