topic,sentiment_mean,sentiment_std,subjectivity_mean,subjectivity_std,counting
Bundesliga,0.007204131073109342,0.9764359580485475,-0.006313924531079214,0.9766164693962911,1590.0
Deutschland,-0.27916251815020926,0.997759075062264,-0.022617343365282167,1.0761726309869752,143.0
Freiburg,-0.26620069809338875,1.055214027471605,-0.017072868881956485,1.0901703394228137,133.0
Luxemburg,0.3766522510216569,0.9981055242275212,0.22051034328623076,1.1060613237028187,81.0
Qatar,0.0,1.0,0.0,1.0,1.0
