keyword,sentiment_mean,sentiment_std,subjectivity_mean,subjectivity_std,counting
'Die PARTEI',-0.13797574944239865,1.0029478271131824,-0.07281689750045721,0.9046606019719505,46.0
'Martin Horn',-2.9011814254685175,1.0,-0.4071540990756114,1.0,1.0
'Martin Sonneborn',0.0,1.0,0.0,1.0,1.0
'SC Freiburg',0.11746306690824289,0.8047064182021791,0.038939272916413456,0.949404066167996,76.0
'Weinlese',0.34044934661170984,0.2813007871080414,0.4424742749619398,0.3989847316546992,5.0
'WorldCup',0.0,1.0,0.0,1.0,1.0
