topic,sentiment_mean,sentiment_std,subjectivity_mean,subjectivity_std,counting
Bundesliga,0.09187037698229256,0.8420210785550117,0.012285734337076236,0.9441554450163346,110.0
Deutschland,-0.08090523800661638,0.9671941597022545,-0.026984136972278108,0.9397135299650728,110.0
Freiburg,-0.10520515069774393,1.011973345425051,-0.031377460919837494,0.9358072379293645,109.0
Luxemburg,0.4917272925275576,0.2554890451638833,0.48440365313086353,0.5754279044886457,5.0
Qatar,0.0,1.0,0.0,1.0,1.0
