topic,sentiment_mean,sentiment_std,subjectivity_mean,subjectivity_std,counting
Bundesliga,0.009272467903880048,0.9707460472726034,-0.008096084049185112,0.9572864784577191,1322.0
Deutschland,-0.27512042611260945,1.0052267360641414,-0.012454151095749504,1.217864894102488,143.0
Freiburg,-0.2765451782240144,1.0559841873758102,-1.2888943522382065e-05,1.2433123768931142,132.0
Luxemburg,0.44003381725029966,1.0036388571877932,0.23436758765157953,1.0640022792857513,69.0
Qatar,0.0,1.0,0.0,1.0,1.0
