topic,sentiment_mean,sentiment_std,subjectivity_mean,subjectivity_std,counting
Bundesliga,0.00787383989600186,0.9765581423205155,-0.005569429851312887,0.9771571894558839,1516.0
Deutschland,-0.2777094005043246,0.9955159537543103,-0.028129547996331064,1.0703660411079186,143.0
Freiburg,-0.2657207374776788,1.0525652837547141,-0.022529618624631792,1.0837931773133824,133.0
Luxemburg,0.3673491784060021,0.9890647104823982,0.21054245941098956,1.0945279575317244,81.0
Qatar,0.0,1.0,0.0,1.0,1.0
