topic,sentiment_mean,sentiment_std,subjectivity_mean,subjectivity_std,counting
Causes,-0.2340808771440429,0.7211703335713603,-0.4133080321161986,1.0,4.0
Hazard,0.09296237176577661,1.0910612248743214,-0.008278542867803718,0.872145400506233,25.0
Impacts,-0.054593236760168744,0.5952074453528301,0.007685574945234586,1.0691953692358014,9.0
Mitigation,-0.14689944245445408,0.6455027659630012,0.1127914867419918,0.8958662619437775,6.0
