topic,sentiment_mean,sentiment_std,subjectivity_mean,subjectivity_std,counting
Bundesliga,0.03483454658564951,0.9593223174472137,-0.008103475491118022,0.9484415172355246,903.0
Deutschland,-0.2359502191850691,1.0534277914578025,0.016657623382741286,1.168222771779265,137.0
Freiburg,-0.2473778747582075,1.107218196740898,0.019833340675870226,1.1829108111249516,130.0
Luxemburg,0.39157907297222894,0.930536134714746,0.5980624288966654,1.2918091791684856,13.0
Qatar,0.0,1.0,0.0,1.0,1.0
