week,sentiment_mean,sentiment_std,subjectivity_mean,subjectivity_std,counting
2024-51,-0.24006780235286831,0.9405136733333832,0.8266160642323973,1.4035920305542113,10.0
2024-52,0.1446859230936694,1.4315958302920861,0.21756518322061788,0.7632769284230784,5.0
2025-01,-0.05318020695488817,0.7798733116360902,-0.31063569411690006,0.38975533602663354,19.0
2025-02,1.4093382876013543,1.0,-0.4133080321161986,1.0,1.0
2025-03,0.352776900799865,0.37718076220398544,-0.4133080321161986,1.0,2.0
2025-04,0.36123770794762394,0.8619809822023538,-0.4133080321161986,0.0,5.0
2025-05,-0.6092041443679961,1.0265363454959782,-0.4264014327112209,0.6030226891555273,2.0
