topic,sentiment_mean,sentiment_std,subjectivity_mean,subjectivity_std,counting
Bundesliga,0.010137242232422941,0.9680472990893306,-0.007612487651081656,0.9564230968342534,1255.0
Deutschland,-0.2740495430446905,1.0102518350905525,-0.0181572280104799,1.210685213259135,143.0
Freiburg,-0.27739291178864844,1.0626349150002499,-0.005445841347832177,1.2354055982455696,132.0
Luxemburg,0.43656032652689264,1.0113797767565027,0.22925372148155507,1.0580380766815254,69.0
Qatar,0.0,1.0,0.0,1.0,1.0
