topic,sentiment_mean,sentiment_std,subjectivity_mean,subjectivity_std,counting
Bundesliga,0.016409468557949666,0.9683685770072349,-0.007238983528580488,0.9544205704668478,1154.0
Deutschland,-0.2531497560918075,1.0231245345576931,0.011202329005095542,1.2302034576948726,139.0
Freiburg,-0.26800234678598445,1.0732027320038888,0.014319689624178017,1.2448999111587795,131.0
Luxemburg,0.4813878683649417,0.9642321895058987,0.262259133704625,1.0360447115450617,41.0
Qatar,0.0,1.0,0.0,1.0,1.0
