keyword,sentiment_mean,sentiment_std,subjectivity_mean,subjectivity_std,counting
'Die PARTEI',-0.23067062687233958,1.061648728237916,0.03377944426110587,1.1933826568239703,128.0
'Martin Horn',-0.6260760927141729,3.203552744327218,-0.3250072171215143,0.0,2.0
'Martin Sonneborn',-0.1686352142207091,0.6164348821644112,-0.0625037527657196,0.8317700371957077,8.0
'SC Freiburg',0.03734697937163489,0.9593583165736478,-0.008462545802661488,0.9469716376712645,857.0
'Weinlese',0.40132127096374826,0.7559548378940587,0.9082051066404278,1.4253848649584422,8.0
'WorldCup',0.0,1.0,0.0,1.0,1.0
'Xavier Bettel',-0.07105950361688684,2.2851593923368134,-0.2916030534343377,0.047240621326136,2.0
