keyword,sentiment_mean,sentiment_std,subjectivity_mean,subjectivity_std,counting
'Die PARTEI',-0.27749390701068055,1.035304780900632,-0.023801133568762137,1.0807617757689698,129.0
'Martin Horn',-0.522824547582453,2.2576102388988932,-0.3059986040828945,0.0,3.0
'Martin Sonneborn',-0.3190376067536819,0.781066605282653,-0.18545337165601933,0.7800747483203454,14.0
'SC Freiburg',0.009171512815863378,0.9722072450345197,-0.005184641213963202,0.9776693218755153,1354.0
'Weinlese',0.4138100031111412,0.9621820202418785,0.2248328221491415,1.098208874504215,72.0
'WorldCup',0.0,1.0,0.0,1.0,1.0
'Xavier Bettel',0.2276600215003698,1.2695891054725372,0.04355212245529311,0.8550205588159584,6.0
