keyword,sentiment_mean,sentiment_std,subjectivity_mean,subjectivity_std,counting
'Die PARTEI',-0.09532885019274148,0.9893965087279485,-0.02896373508799647,0.9352352957627664,128.0
'Martin Horn',-2.9416560610812836,1.0,-0.45344265404174605,1.0,1.0
'Martin Sonneborn',-0.17062730095415557,0.7586965568795175,,1.0,2.0
'SC Freiburg',0.10966353775276806,0.8452470588193518,0.013510416859374964,0.953778927626588,129.0
'Weinlese',0.3667725820151632,0.35835435429633306,0.553015881106243,0.7043583302103991,5.0
'WorldCup',0.0,1.0,0.0,1.0,1.0
