keyword,sentiment_mean,sentiment_std,subjectivity_mean,subjectivity_std,counting
'Die PARTEI',-0.27416676690101055,1.020805403424287,-0.00618729381217801,1.1053380540373363,129.0
'Martin Horn',-0.01128649624949174,2.1022088681432223,-0.36541127111486804,0.08972581925675464,4.0
'Martin Sonneborn',-0.32483795814288435,0.7843085601258384,-0.1728349392793773,0.7737651753711572,14.0
'SC Freiburg',0.007204131073109342,0.9764359580485475,-0.006313924531079214,0.9766164693962911,1590.0
'Weinlese',0.4032434394660008,0.9784585443058359,0.25442597167037473,1.1358256180960074,72.0
'WorldCup',0.0,1.0,0.0,1.0,1.0
'Xavier Bettel',0.16687731996072253,1.1852227944257014,-0.0319726680179518,0.8628070231644593,9.0
