topic,sentiment_mean,sentiment_std,subjectivity_mean,subjectivity_std,counting
Bundesliga,0.03801431886579427,0.959296120726701,-0.008502720592741302,0.947550862817825,835.0
Deutschland,-0.22508172630521553,1.033824598872611,0.027325705845900772,1.1633421323168185,136.0
Freiburg,-0.2347245019167075,1.0861136091760426,0.02670390555365906,1.1732721624800462,130.0
Luxemburg,0.3068781794786072,1.0316687980299888,0.6411765528671906,1.3433972536693874,10.0
Qatar,0.0,1.0,0.0,1.0,1.0
