week,sentiment_mean,sentiment_std,subjectivity_mean,subjectivity_std,counting
2022-43,0.17417223809206395,1.1814093023091996,0.23424218603928076,0.9162753683913615,16.0
2022-44,0.22829306843862573,0.9555111495404363,-0.30829187786702633,0.41547571772318737,34.0
2022-45,-0.01854659087224258,0.6716300700303326,-0.04947895170672184,0.9120635283620464,43.0
2022-46,-0.06010062882096846,0.9941708008381803,0.23260405981019405,1.1675346306412464,19.0
2022-47,0.06677873411044692,1.1381342560025591,-0.19440608871022305,0.6034486982859307,21.0
2022-48,-0.21255650156974984,0.9926667771115271,0.30086507769198034,1.1589214152254124,24.0
2022-49,-0.10408760976649838,0.8423413757678059,0.02166073736542215,1.108014742339465,44.0
