topic,sentiment_mean,sentiment_std,subjectivity_mean,subjectivity_std,counting
Bundesliga,0.019012643564289042,0.972006301664369,-0.006587831365392276,0.9548728696078841,1186.0
Deutschland,-0.2685592410872426,1.0032668249875158,0.0065943751060453,1.2301034582707564,142.0
Freiburg,-0.2714791431368663,1.0567691299735653,0.021430929957035473,1.256478905049802,131.0
Luxemburg,0.46378178008754417,0.941542834137258,0.2647852945739706,1.0390701666508217,41.0
Qatar,0.0,1.0,0.0,1.0,1.0
