keyword,sentiment_mean,sentiment_std,subjectivity_mean,subjectivity_std,counting
'Die PARTEI',-0.2299774946224512,1.04420637795464,0.017596374487577403,1.1990326751811264,128.0
'Martin Horn',-0.5129095562665834,2.2076608537510896,-0.3096771371388227,0.0,3.0
'Martin Sonneborn',-0.1583600726092242,0.6603320448573443,-0.10256942544594733,0.8165254909601014,9.0
'SC Freiburg',0.030231479220648335,0.9685241947970278,-0.007422607091167726,0.9504434988135614,979.0
'Weinlese',0.30815210031724793,0.7277016138190134,0.8625001983274138,1.3402427361853138,11.0
'WorldCup',0.0,1.0,0.0,1.0,1.0
'Xavier Bettel',0.3037620722481757,1.7362888487200883,-0.2925177213416022,0.029720979988985985,3.0
