topic,sentiment_mean,sentiment_std,subjectivity_mean,subjectivity_std,counting
Bundesliga,0.02967786141069856,0.9693962722506202,-0.0072221680376111765,0.9522415049287097,997.0
Deutschland,-0.22956933863830498,1.0209969476088905,0.006083804222088611,1.177436295127571,137.0
Freiburg,-0.2409166499622131,1.0679406739414143,0.005916493873655368,1.1881146665421505,131.0
Luxemburg,0.31481868880509306,0.8796303377358445,0.6002918031369845,1.1867693147853016,15.0
Qatar,0.0,1.0,0.0,1.0,1.0
