topic,sentiment_mean,sentiment_std,subjectivity_mean,subjectivity_std,counting
Causes,0.04822825035790251,0.8763270813874393,0.0,1.0,2.0
Hazard,-0.1646077597831023,0.9891153994340904,0.3535533905932738,0.5,9.0
Impacts,0.2383961914758858,0.6520590299344802,-0.7071067811865476,1.0,4.0
