week,sentiment_mean,sentiment_std,subjectivity_mean,subjectivity_std,counting
2022-43,-0.12101264436938858,0.9522176842637966,0.6565321428994334,1.3737465732741536,9.0
2022-44,0.14209806802722946,0.9550101789785244,-0.27399950252819216,0.34862207382379795,8.0
2022-45,0.0662776429866571,0.8513324428906546,-0.34963405766092875,0.0914383845991737,10.0
2022-46,0.10342460810388132,1.358508643810078,0.07964958700434471,0.8628845640705161,6.0
2022-47,-0.041401032293530204,0.416891989607143,-0.1443375672974065,0.16666666666666674,6.0
