week,sentiment_mean,sentiment_std,subjectivity_mean,subjectivity_std,counting
2024-51,-0.1825966203739698,0.9205708873244018,0.6921684066392623,1.2813296975021413,10.0
2024-52,-0.04803161191838261,1.4715346207709574,0.10481152433942774,0.6252862259367379,5.0
2025-01,0.0037042599628346155,0.7291120003849354,-0.36418176440251654,0.37810346975421816,19.0
2025-02,1.3226480859425154,1.0,-0.4614456044261748,1.0,1.0
