topic,sentiment_mean,sentiment_std,subjectivity_mean,subjectivity_std,counting
Bundesliga,0.009816015113440152,0.9672230089784496,-0.006967478119466896,0.9569362436000683,1251.0
Deutschland,-0.2720173052025204,1.0094334326614978,-0.01405608721804301,1.2149334819427229,143.0
Freiburg,-0.2754827550960998,1.0618451416355632,-0.001276696471570307,1.2400059079394474,132.0
Luxemburg,0.4663990286648456,1.0218274802041514,0.2211436211989426,1.0414531150520083,65.0
Qatar,0.0,1.0,0.0,1.0,1.0
