keyword,sentiment_mean,sentiment_std,subjectivity_mean,subjectivity_std,counting
'Die PARTEI',-0.27575859882733234,1.0237694724934956,-0.004115145214002052,1.110921968949508,129.0
'Martin Horn',-0.012735362668954864,2.1060988353435057,-0.3646778418411447,0.09021477210590353,4.0
'Martin Sonneborn',-0.32652765487216445,0.7843364399644813,-0.1708432333772296,0.7729241755053556,14.0
'SC Freiburg',0.006670010800501014,0.9762102776610089,-0.006271603620018852,0.976581181851868,1604.0
'Weinlese',0.41146447926776725,0.976948424015135,0.24654195665204237,1.1301183176040421,73.0
'WorldCup',0.0,1.0,0.0,1.0,1.0
'Xavier Bettel',0.16667983371233305,1.1863127823011135,-0.03142938707445304,0.8626027330653954,9.0
