keyword,sentiment_mean,sentiment_std,subjectivity_mean,subjectivity_std,counting
'Die PARTEI',-0.09800211637032058,0.9880544706242248,-0.031324467101931444,0.9500115023280418,87.0
'Martin Horn',-3.014796636922913,1.0,-0.435664662141478,1.0,1.0
'Martin Sonneborn',0.15075567228888181,1.0,,1.0,1.0
'SC Freiburg',0.0965893681895243,0.8411829811200412,0.007283880511979422,0.947960689352226,105.0
'Weinlese',0.4942547435084473,0.23719466949841286,0.5265801096342612,0.612484701230057,5.0
'WorldCup',0.0,1.0,0.0,1.0,1.0
