topic,sentiment_mean,sentiment_std,subjectivity_mean,subjectivity_std,counting
Bundesliga,0.03734697937163489,0.9593583165736478,-0.008462545802661488,0.9469716376712645,857.0
Deutschland,-0.2270214849516555,1.0393387096087652,0.028472496393485577,1.1740841160777924,136.0
Freiburg,-0.23675378788529072,1.0915889823916842,0.02789769571384978,1.1843627601327595,130.0
Luxemburg,0.3068451160476212,1.0316791717520317,0.6415810710682577,1.3431235800681065,10.0
Qatar,0.0,1.0,0.0,1.0,1.0
