keyword,sentiment_mean,sentiment_std,subjectivity_mean,subjectivity_std,counting
'Die PARTEI',-0.2734032527598123,1.0187860766938008,-0.011767926483983438,1.0988927298169586,129.0
'Martin Horn',-0.019880248449410998,2.087125843066415,-0.36690376712537903,0.08873082191641397,4.0
'Martin Sonneborn',-0.31707989416843657,0.7794364881582174,-0.17772151610922376,0.7762349555018362,14.0
'SC Freiburg',0.00787383989600186,0.9765581423205155,-0.005569429851312887,0.9771571894558839,1516.0
'Weinlese',0.39414351266595055,0.9689002237302545,0.24326762538507732,1.1233216946287137,72.0
'WorldCup',0.0,1.0,0.0,1.0,1.0
'Xavier Bettel',0.15597165257752046,1.1787089582210297,-0.03307822061833031,0.8632235454171377,9.0
