topic,sentiment_mean,sentiment_std,subjectivity_mean,subjectivity_std,counting
Bundesliga,0.02901914275535721,0.9695670901787111,-0.007419779633857511,0.9521967223113544,1054.0
Deutschland,-0.23784572990907876,1.0286268911230039,0.00890525869606247,1.1921718060910835,137.0
Freiburg,-0.2484219294449635,1.076263814219496,0.009566257535714107,1.203118924189575,131.0
Luxemburg,0.31510684151434726,0.8579317171940966,0.5732452961495799,1.1668367814969955,16.0
Qatar,0.0,1.0,0.0,1.0,1.0
