domain,sentiment_mean,sentiment_std,subjectivity_mean,subjectivity_std,counting
www.stern.de,-0.22787698412698412,0.16651115902808677,0.0,0.0,6.0
www.zeit.de,0.058666666666666666,0.20930573066423405,0.0,0.0,5.0
www.welt.de,0.18666666666666665,0.06599663291074442,0.1111111111111111,0.15713484026367722,2.0
www.bild.de,0.0,1.0,0.0,1.0,1.0
www.n-tv.de,0.0,1.0,0.0,1.0,1.0
