topic,sentiment_mean,sentiment_std,subjectivity_mean,subjectivity_std,counting
Causes,-0.2906292661362057,0.3971101858494067,-0.2307228022130874,0.32629131603847333,2.0
Hazard,0.0843312756639638,1.0729050636502313,-0.05981848011913038,0.8675734657089789,22.0
Impacts,-0.11729114371313203,0.5422714636406116,-0.033375453827094385,1.0877855236517142,8.0
Mitigation,-0.33626520690832457,0.6276122489791249,0.6466292912035694,0.18278835627060677,3.0
