topic,sentiment_mean,sentiment_std,subjectivity_mean,subjectivity_std,counting
Bundesliga,0.008478398255658045,0.974117286205719,-0.0047496669043275855,0.9779344251790908,1439.0
Deutschland,-0.2792800215540619,1.0049631865607986,-0.037225595595865836,1.0564266082261797,143.0
Freiburg,-0.28032468821129647,1.0554066911539952,-0.028048691303262513,1.0719938600729702,132.0
Luxemburg,0.3839442860704237,0.9926227185995409,0.19651562601456685,1.0837862549911974,81.0
Qatar,0.0,1.0,0.0,1.0,1.0
