week,sentiment_mean,sentiment_std,subjectivity_mean,subjectivity_std,counting
2022-43,0.036474971089025136,1.080190675931909,0.4145864888511826,1.2788566498406746,16.0
2022-44,0.12896208972027356,0.9122946835541399,-0.27832056297998814,0.4059480019268897,33.0
2022-45,0.017186865724724013,0.692780813578632,-0.04303803418989984,0.7419796604261116,32.0
2022-46,-0.08926246153406994,0.9825930711659443,0.11568159823552333,1.0247805065498148,15.0
2022-47,0.06412718782580318,0.9643229719759576,-0.15832966487809497,0.6215256432037006,17.0
2022-48,-0.23813260026364091,0.9746355068587984,0.3482092462832888,1.406762426180764,18.0
